,Frequencia,FaseFiltro,Frequencia2,Banda,Approx
0,0.0,0.0,32310.0,-1.5707963267948966,-0.0
1,466.73003839265493,-0.0029325429131839024,32310.0,-1.5692608465145497,-0.002932551319648094
2,933.4600767853099,-0.0058650353886236664,32310.0,-1.5677253662342028,-0.005865102639296188
3,1400.190115177965,-0.008797426993779932,32310.0,-1.5661898859538559,-0.008797653958944282
4,1866.9201535706197,-0.011729667306521543,32310.0,-1.564654405673509,-0.011730205278592375
5,2333.6501919632747,-0.014661705920326304,32310.0,-1.5631189253931619,-0.014662756598240468
6,2800.38023035593,-0.017593492449477693,32310.0,-1.561583445112815,-0.017595307917888565
7,3267.1102687485845,-0.020524976534256237,32310.0,-1.560047964832468,-0.020527859237536656
8,3733.8403071412395,-0.023456107846124143,32310.0,-1.5585124845521212,-0.02346041055718475
9,4200.570345533894,-0.026386836092901954,32310.0,-1.5569770042717743,-0.026392961876832845
10,4667.300383926549,-0.029317111023935787,32310.0,-1.5554415239914274,-0.029325513196480937
11,5134.030422319204,-0.03224688243525392,32310.0,-1.5539060437110805,-0.03225806451612903
12,5600.76046071186,-0.03517610017471136,32310.0,-1.5523705634307337,-0.03519061583577713
13,6067.490499104514,-0.03810471414712109,32310.0,-1.5508350831503865,-0.038123167155425214
14,6534.220537497169,-0.0410326743193707,32310.0,-1.5492996028700396,-0.04105571847507331
15,7000.950575889824,-0.04395993072552304,32310.0,-1.5477641225896928,-0.0439882697947214
16,7467.680614282479,-0.046886433471899754,32310.0,-1.5462286423093459,-0.0469208211143695
17,7934.410652675135,-0.049812132742146215,32310.0,-1.544693162028999,-0.0498533724340176
18,8401.140691067789,-0.052736978802276666,32310.0,-1.543157681748652,-0.05278592375366569
19,8867.870729460445,-0.05566092200569847,32310.0,-1.5416222014683052,-0.05571847507331378
20,9334.600767853099,-0.05858391279821384,32310.0,-1.5400867211879583,-0.05865102639296187
21,9801.330806245755,-0.06150590172299818,32310.0,-1.5385512409076112,-0.06158357771260997
22,10268.060844638409,-0.06442683942555355,32310.0,-1.5370157606272643,-0.06451612903225806
23,10734.790883031063,-0.06734667665863621,32310.0,-1.5354802803469174,-0.06744868035190615
24,11201.52092142372,-0.07026536428715692,32310.0,-1.5339448000665705,-0.07038123167155426
25,11668.250959816374,-0.07318285329305264,32310.0,-1.5324093197862236,-0.07331378299120235
26,12134.980998209028,-0.07609909478012904,32310.0,-1.5308738395058767,-0.07624633431085043
27,12601.711036601684,-0.07901403997887183,32310.0,-1.5293383592255299,-0.07917888563049853
28,13068.441074994338,-0.08192764025122634,32310.0,-1.527802878945183,-0.08211143695014662
29,13535.171113386994,-0.08483984709534415,32310.0,-1.5262673986648359,-0.08504398826979472
30,14001.901151779648,-0.08775061215029523,32310.0,-1.524731918384489,-0.0879765395894428
31,14468.631190172304,-0.09065988720074511,32310.0,-1.523196438104142,-0.09090909090909091
32,14935.361228564958,-0.09356762418159537,32310.0,-1.5216609578237952,-0.093841642228739
33,15402.091266957614,-0.0964737751825869,32310.0,-1.5201254775434483,-0.0967741935483871
34,15868.82130535027,-0.0993782924528644,32310.0,-1.5185899972631014,-0.0997067448680352
35,16335.551343742924,-0.10228112840550149,32310.0,-1.5170545169827545,-0.10263929618768329
36,16802.281382135578,-0.10518223562198517,32310.0,-1.5155190367024076,-0.10557184750733138
37,17269.011420528233,-0.10808156685665854,32310.0,-1.5139835564220605,-0.10850439882697946
38,17735.74145892089,-0.11097907504112128,32310.0,-1.5124480761417136,-0.11143695014662756
39,18202.47149731354,-0.11387471328858606,32310.0,-1.5109125958613667,-0.11436950146627564
40,18669.201535706197,-0.116768434898191,32310.0,-1.5093771155810198,-0.11730205278592375
41,19135.931574098853,-0.11966019335926625,32310.0,-1.507841635300673,-0.12023460410557185
42,19602.66161249151,-0.12254994235555453,32310.0,-1.506306155020326,-0.12316715542521994
43,20069.39165088416,-0.12543763576938424,32310.0,-1.5047706747399792,-0.126099706744868
44,20536.121689276817,-0.1283232276857948,32310.0,-1.5032351944596323,-0.12903225806451613
45,21002.851727669473,-0.13120667239661243,32310.0,-1.5016997141792854,-0.13196480938416422
46,21469.581766062125,-0.13408792440447703,32310.0,-1.5001642338989383,-0.1348973607038123
47,21936.31180445478,-0.13696693842681784,32310.0,-1.4986287536185914,-0.1378299120234604
48,22403.04184284744,-0.13984366939977788,32310.0,-1.4970932733382445,-0.14076246334310852
49,22869.771881240093,-0.14271807248208665,32310.0,-1.4955577930578976,-0.14369501466275658
50,23336.50191963275,-0.1455901030588796,32310.0,-1.4940223127775507,-0.1466275659824047
51,23803.231958025404,-0.14845971674546435,32310.0,-1.4924868324972038,-0.1495601173020528
52,24269.961996418057,-0.1513268693910324,32310.0,-1.490951352216857,-0.15249266862170086
53,24736.692034810712,-0.15419151708231632,32310.0,-1.4894158719365098,-0.15542521994134897
54,25203.42207320337,-0.15705361614719104,32310.0,-1.487880391656163,-0.15835777126099707
55,25670.15211159602,-0.15991312315821926,32310.0,-1.486344911375816,-0.16129032258064516
56,26136.882149988676,-0.16276999493614006,32310.0,-1.4848094310954691,-0.16422287390029325
57,26603.612188381336,-0.16562418855330005,32310.0,-1.4832739508151223,-0.16715542521994137
58,27070.342226773988,-0.16847566133702682,32310.0,-1.4817384705347754,-0.17008797653958943
59,27537.072265166644,-0.17132437087294408,32310.0,-1.4802029902544285,-0.17302052785923755
60,28003.802303559296,-0.1741702750082276,32310.0,-1.4786675099740816,-0.1759530791788856
61,28470.532341951952,-0.17701333185480211,32310.0,-1.4771320296937347,-0.17888563049853373
62,28937.262380344608,-0.17985349979247828,32310.0,-1.4755965494133876,-0.18181818181818182
63,29403.99241873726,-0.1826907374720293,32310.0,-1.4740610691330407,-0.1847507331378299
64,29870.722457129916,-0.18552500381820727,32310.0,-1.4725255888526938,-0.187683284457478
65,30337.452495522575,-0.1883562580326979,32310.0,-1.470990108572347,-0.1906158357771261
66,30804.182533915227,-0.19118445959701444,32310.0,-1.469454628292,-0.1935483870967742
67,31270.912572307883,-0.1940095682753296,32310.0,-1.4679191480116531,-0.19648093841642228
68,31737.64261070054,-0.19683154411724563,32310.0,-1.4663836677313062,-0.1994134897360704
69,32204.37264909319,-0.19965034746050164,32310.0,-1.4648481874509593,-0.20234604105571846
70,32671.102687485847,-0.20246593893361914,32310.0,-1.4633127071706122,-0.20527859237536658
71,33137.8327258785,-0.20527827945848404,32310.0,-1.4617772268902653,-0.20821114369501464
72,33604.562764271155,-0.20808733025286608,32310.0,-1.4602417466099185,-0.21114369501466276
73,34071.29280266381,-0.2108930528328749,32310.0,-1.4587062663295716,-0.21407624633431085
74,34538.02284105647,-0.21369540901535267,32310.0,-1.4571707860492247,-0.21700879765395892
75,35004.75287944912,-0.21649436092020358,32310.0,-1.4556353057688778,-0.21994134897360704
76,35471.48291784178,-0.21928987097265912,32310.0,-1.454099825488531,-0.22287390029325513
77,35938.21295623443,-0.2220819019054801,32310.0,-1.452564345208184,-0.2258064516129032
78,36404.94299462708,-0.22487041676109487,32310.0,-1.451028864927837,-0.22873900293255128
79,36871.673033019746,-0.22765537889367315,32310.0,-1.44949338464749,-0.23167155425219946
80,37338.403071412395,-0.23043675197113658,32310.0,-1.4479579043671431,-0.2346041055718475
81,37805.13310980505,-0.2332144999771054,32310.0,-1.4464224240867962,-0.2375366568914956
82,38271.863148197706,-0.2359885872127806,32310.0,-1.4448869438064493,-0.2404692082111437
83,38738.59318659036,-0.23875897829876283,32310.0,-1.4433514635261024,-0.24340175953079177
84,39205.32322498302,-0.2415256381768075,32310.0,-1.4418159832457556,-0.24633431085043989
85,39672.05326337567,-0.24428853211151577,32310.0,-1.4402805029654087,-0.24926686217008792
86,40138.78330176832,-0.24704762569196248,32310.0,-1.4387450226850618,-0.252199413489736
87,40605.513340160986,-0.2498028848332602,32310.0,-1.4372095424047147,-0.2551319648093842
88,41072.243378553634,-0.25255427577805956,32310.0,-1.4356740621243678,-0.25806451612903225
89,41538.97341694629,-0.255301765097988,32310.0,-1.4341385818440209,-0.26099706744868034
90,42005.703455338946,-0.2580453196950235,32310.0,-1.432603101563674,-0.26392961876832843
91,42472.4334937316,-0.26078490680280664,32310.0,-1.431067621283327,-0.2668621700879766
92,42939.16353212425,-0.26352049398789,32310.0,-1.4295321410029802,-0.2697947214076246
93,43405.893570516906,-0.2662520491509253,32310.0,-1.4279966607226333,-0.2727272727272727
94,43872.62360890956,-0.2689795405277877,32310.0,-1.4264611804422862,-0.2756598240469208
95,44339.35364730222,-0.2717029366906392,32310.0,-1.4249257001619393,-0.2785923753665689
96,44806.08368569488,-0.2744222065489301,32310.0,-1.4233902198815924,-0.28152492668621704
97,45272.81372408754,-0.2771373193503395,32310.0,-1.4218547396012455,-0.2844574780058651
98,45739.543762480185,-0.27984824468165387,32310.0,-1.4203192593208986,-0.28739002932551316
99,46206.27380087284,-0.28255495246958745,32310.0,-1.4187837790405518,-0.29032258064516125
100,46673.0038392655,-0.2852574129815397,32310.0,-1.4172482987602049,-0.2932551319648094
101,47139.73387765815,-0.2879555968262947,32310.0,-1.415712818479858,-0.2961876832844575
102,47606.46391605081,-0.29064947495466065,32310.0,-1.414177338199511,-0.2991202346041056
103,48073.19395444346,-0.29333901866005035,32310.0,-1.412641857919164,-0.3020527859237536
104,48539.92399283611,-0.29602419957900333,32310.0,-1.411106377638817,-0.3049853372434017
105,49006.65403122877,-0.2987049896916494,32310.0,-1.4095708973584702,-0.30791788856304986
106,49473.384069621425,-0.30138136132211496,32310.0,-1.4080354170781233,-0.31085043988269795
107,49940.11410801408,-0.30405328713887186,32310.0,-1.4064999367977764,-0.31378299120234604
108,50406.84414640674,-0.30672074015502954,32310.0,-1.4049644565174295,-0.31671554252199413
109,50873.574184799385,-0.309383693728571,32310.0,-1.4034289762370826,-0.3196480938416422
110,51340.30422319204,-0.31204212156253325,32310.0,-1.4018934959567357,-0.3225806451612903
111,51807.0342615847,-0.3146959977051319,32310.0,-1.4003580156763888,-0.3255131964809384
112,52273.76429997735,-0.31734529654983135,32310.0,-1.3988225353960417,-0.3284457478005865
113,52740.494338370016,-0.3199899928353615,32310.0,-1.3972870551156948,-0.33137829912023464
114,53207.22437676267,-0.32263006164567976,32310.0,-1.395751574835348,-0.33431085043988273
115,53673.95441515532,-0.32526547840988057,32310.0,-1.394216094555001,-0.33724340175953077
116,54140.684453547976,-0.327896218902053,32310.0,-1.3926806142746542,-0.34017595307917886
117,54607.41449194063,-0.330522259241085,32310.0,-1.3911451339943073,-0.34310850439882695
118,55074.14453033329,-0.3331435758904179,32310.0,-1.3896096537139604,-0.3460410557184751
119,55540.87456872594,-0.3357601456577493,32310.0,-1.3880741734336133,-0.3489736070381232
120,56007.60460711859,-0.33837194569468637,32310.0,-1.3865386931532664,-0.3519061583577712
121,56474.33464551125,-0.3409789534963494,32310.0,-1.3850032128729195,-0.3548387096774193
122,56941.064683903904,-0.34358114690092645,32310.0,-1.3834677325925726,-0.35777126099706746
123,57407.79472229656,-0.3461785040891802,32310.0,-1.3819322523122257,-0.36070381231671556
124,57874.524760689215,-0.34877100358390695,32310.0,-1.3803967720318788,-0.36363636363636365
125,58341.25479908187,-0.3513586242493488,32310.0,-1.378861291751532,-0.36656891495601174
126,58807.98483747452,-0.3539413452905593,32310.0,-1.377325811471185,-0.3695014662756598
127,59274.714875867176,-0.3565191462527246,32310.0,-1.3757903311908382,-0.3724340175953079
128,59741.44491425983,-0.3590920070204376,32310.0,-1.374254850910491,-0.375366568914956
129,60208.17495265249,-0.36165990781693025,32310.0,-1.3727193706301442,-0.3782991202346041
130,60674.90499104515,-0.3642228292032608,32310.0,-1.3711838903497973,-0.3812316715542522
131,61141.63502943779,-0.3667807520774583,32310.0,-1.3696484100694504,-0.3841642228739003
132,61608.365067830455,-0.3693336576736255,32310.0,-1.3681129297891035,-0.3870967741935484
133,62075.09510622311,-0.3718815275609997,32310.0,-1.3665774495087566,-0.39002932551319647
134,62541.82514461577,-0.3744243436429728,32310.0,-1.3650419692284097,-0.39296187683284456
135,63008.55518300842,-0.37696208815607174,32310.0,-1.3635064889480626,-0.39589442815249265
136,63475.28522140108,-0.3794947436688991,32310.0,-1.3619710086677157,-0.3988269794721408
137,63942.01525979373,-0.38202229308103514,32310.0,-1.3604355283873688,-0.40175953079178883
138,64408.74529818638,-0.3845447196219015,32310.0,-1.358900048107022,-0.4046920821114369
139,64875.47533657904,-0.38706200684958847,32310.0,-1.357364567826675,-0.407624633431085
140,65342.205374971694,-0.3895741386496444,32310.0,-1.3558290875463281,-0.41055718475073316
141,65808.93541336435,-0.3920810992338307,32310.0,-1.3542936072659812,-0.41348973607038125
142,66275.665451757,-0.3945828731388401,32310.0,-1.3527581269856344,-0.4164222873900293
143,66742.39549014966,-0.3970794452249823,32310.0,-1.3512226467052875,-0.41935483870967744
144,67209.12552854231,-0.39957080067483386,32310.0,-1.3496871664249404,-0.4222873900293255
145,67675.85556693497,-0.40205692499185675,32310.0,-1.3481516861445935,-0.4252199413489736
146,68142.58560532762,-0.40453780399898354,32310.0,-1.3466162058642466,-0.4281524926686217
147,68609.31564372029,-0.40701342383717165,32310.0,-1.3450807255838997,-0.4310850439882698
148,69076.04568211293,-0.4094837709639262,32310.0,-1.3435452453035528,-0.43401759530791784
149,69542.77572050558,-0.41194883215179307,32310.0,-1.342009765023206,-0.436950146627566
150,70009.50575889825,-0.4144085944868222,32310.0,-1.340474284742859,-0.4398826979472141
151,70476.2357972909,-0.41686304536700236,32310.0,-1.3389388044625121,-0.4428152492668621
152,70942.96583568356,-0.4193121725006678,32310.0,-1.3374033241821652,-0.44574780058651026
153,71409.6958740762,-0.42175596390487713,32310.0,-1.3358678439018181,-0.44868035190615835
154,71876.42591246885,-0.42419440790376656,32310.0,-1.3343323636214712,-0.4516129032258064
155,72343.15595086152,-0.42662749312687603,32310.0,-1.3327968833411243,-0.45454545454545453
156,72809.88598925417,-0.4290552085074508,32310.0,-1.3312614030607774,-0.45747800586510257
157,73276.61602764683,-0.4314775432807184,32310.0,-1.3297259227804306,-0.4604105571847507
158,73743.34606603949,-0.4338944869821411,32310.0,-1.3281904425000837,-0.4633431085043989
159,74210.07610443214,-0.43630602944564634,32310.0,-1.3266549622197368,-0.46627565982404695
160,74676.80614282479,-0.43871216080183345,32310.0,-1.3251194819393897,-0.469208211143695
161,75143.53618121745,-0.4411128714761596,32310.0,-1.3235840016590428,-0.47214076246334313
162,75610.2662196101,-0.44350815218710316,32310.0,-1.3220485213786959,-0.4750733137829912
163,76076.99625800276,-0.44589799394430846,32310.0,-1.320513041098349,-0.4780058651026393
164,76543.72629639541,-0.44828238804670933,32310.0,-1.318977560818002,-0.4809384164222874
165,77010.45633478806,-0.4506613260806336,32310.0,-1.3174420805376552,-0.48387096774193544
166,77477.18637318072,-0.45303479991789,32310.0,-1.3159066002573083,-0.48680351906158353
167,77943.91641157337,-0.45540280171383585,32310.0,-1.3143711199769612,-0.4897360703812317
168,78410.64644996604,-0.4577653239054292,32310.0,-1.3128356396966145,-0.49266862170087977
169,78877.37648835868,-0.4601223592092625,32310.0,-1.3113001594162674,-0.4956011730205278
170,79344.10652675133,-0.4624739006195821,32310.0,-1.3097646791359205,-0.49853372434017584
171,79810.836565144,-0.4648199414062913,32310.0,-1.3082291988555736,-0.501466275659824
172,80277.56660353664,-0.46716047511293896,32310.0,-1.3066937185752268,-0.504398826979472
173,80744.29664192931,-0.4694954955546948,32310.0,-1.3051582382948799,-0.5073313782991202
174,81211.02668032197,-0.4718249968163097,32310.0,-1.303622758014533,-0.5102639296187684
175,81677.75671871462,-0.47414897325006444,32310.0,-1.302087277734186,-0.5131964809384164
176,82144.48675710727,-0.47646741947370663,32310.0,-1.300551797453839,-0.5161290322580645
177,82611.21679549993,-0.47878033036837403,32310.0,-1.2990163171734923,-0.5190615835777126
178,83077.94683389258,-0.48108770107650833,32310.0,-1.2974808368931452,-0.5219941348973607
179,83544.67687228523,-0.4833895269997583,32310.0,-1.2959453566127983,-0.5249266862170088
180,84011.40691067789,-0.4856858037968728,32310.0,-1.2944098763324514,-0.5278592375366569
181,84478.13694907054,-0.4879765273815838,32310.0,-1.2928743960521045,-0.530791788856305
182,84944.8669874632,-0.4902616939204823,32310.0,-1.2913389157717576,-0.5337243401759532
183,85411.59702585585,-0.49254129983088385,32310.0,-1.2898034354914107,-0.5366568914956011
184,85878.3270642485,-0.49481534177868836,32310.0,-1.2882679552110639,-0.5395894428152492
185,86345.05710264116,-0.49708381667623164,32310.0,-1.2867324749307167,-0.5425219941348973
186,86811.78714103381,-0.49934672168013006,32310.0,-1.2851969946503699,-0.5454545454545454
187,87278.51717942648,-0.5016040541891205,32310.0,-1.283661514370023,-0.5483870967741936
188,87745.24721781912,-0.503855811841893,32310.0,-1.282126034089676,-0.5513196480938416
189,88211.9772562118,-0.5061019925149199,32310.0,-1.2805905538093292,-0.5542521994134898
190,88678.70729460444,-0.5083425943202793,32310.0,-1.2790550735289823,-0.5571847507331378
191,89145.43733299708,-0.5105776156034747,32310.0,-1.2775195932486354,-0.5601173020527859
192,89612.16737138976,-0.512807054941252,32310.0,-1.2759841129682883,-0.5630498533724341
193,90078.89740978241,-0.5150309111394115,32310.0,-1.2744486326879416,-0.565982404692082
194,90545.62744817507,-0.5172491832306192,32310.0,-1.2729131524075945,-0.5689149560117303
195,91012.35748656772,-0.5194618704722148,32310.0,-1.2713776721272476,-0.5718475073313783
196,91479.08752496037,-0.5216689723440184,32310.0,-1.2698421918469007,-0.5747800586510263
197,91945.81756335303,-0.5238704885461359,32310.0,-1.2683067115665538,-0.5777126099706745
198,92412.54760174568,-0.5260664189967634,32310.0,-1.266771231286207,-0.5806451612903225
199,92879.27764013835,-0.5282567638299914,32310.0,-1.26523575100586,-0.5835777126099707
200,93346.007678531,-0.5304415233936091,32310.0,-1.2637002707255132,-0.5865102639296188
201,93812.73771692364,-0.5326206982469089,32310.0,-1.262164790445166,-0.5894428152492668
202,94279.4677553163,-0.5347942891584925,32310.0,-1.2606293101648192,-0.592375366568915
203,94746.19779370895,-0.5369622971040767,32310.0,-1.2590938298844723,-0.595307917888563
204,95212.92783210162,-0.5391247232643035,32310.0,-1.2575583496041254,-0.5982404692082112
205,95679.65787049427,-0.541281569022549,32310.0,-1.2560228693237785,-0.6011730205278593
206,96146.38790888691,-0.5434328359627376,32310.0,-1.2544873890434316,-0.6041055718475072
207,96613.11794727958,-0.5455785258671579,32310.0,-1.2529519087630847,-0.6070381231671554
208,97079.84798567223,-0.5477186407142813,32310.0,-1.2514164284827376,-0.6099706744868034
209,97546.57802406489,-0.549853182676585,32310.0,-1.249880948202391,-0.6129032258064516
210,98013.30806245754,-0.5519821541183781,32310.0,-1.2483454679220438,-0.6158357771260997
211,98480.0381008502,-0.5541055575936339,32310.0,-1.246809987641697,-0.6187683284457478
212,98946.76813924285,-0.556223395843823,32310.0,-1.24527450736135,-0.6217008797653959
213,99413.4981776355,-0.5583356717957557,32310.0,-1.2437390270810031,-0.624633431085044
214,99880.22821602816,-0.5604423885594272,32310.0,-1.2422035468006563,-0.6275659824046921
215,100346.95825442081,-0.5625435494258677,32310.0,-1.2406680665203094,-0.6304985337243402
216,100813.68829281347,-0.564639157865001,32310.0,-1.2391325862399625,-0.6334310850439883
217,101280.41833120612,-0.5667292175235064,32310.0,-1.2375971059596154,-0.6363636363636364
218,101747.14836959877,-0.5688137322226895,32310.0,-1.2360616256792687,-0.6392961876832844
219,102213.87840799143,-0.5708927059563583,32310.0,-1.2345261453989216,-0.6422287390029325
220,102680.60844638408,-0.5729661428887062,32310.0,-1.2329906651185747,-0.6451612903225806
221,103147.33848477674,-0.5750340473522035,32310.0,-1.2314551848382278,-0.6480938416422287
222,103614.0685231694,-0.5770964238454958,32310.0,-1.229919704557881,-0.6510263929618768
223,104080.79856156204,-0.5791532770313097,32310.0,-1.228384224277534,-0.6539589442815249
224,104547.5285999547,-0.581204611734368,32310.0,-1.2268487439971871,-0.656891495601173
225,105014.25863834735,-0.5832504329393114,32310.0,-1.2253132637168402,-0.6598240469208211
226,105480.98867674003,-0.5852907457886307,32310.0,-1.2237777834364931,-0.6627565982404693
227,105947.71871513268,-0.5873255555806062,32310.0,-1.2222423031561462,-0.6656891495601173
228,106414.44875352534,-0.5893548677672571,32310.0,-1.2207068228757993,-0.6686217008797655
229,106881.17879191799,-0.5913786879523002,32310.0,-1.2191713425954525,-0.6715542521994134
230,107347.90883031064,-0.5933970218891171,32310.0,-1.2176358623151056,-0.6744868035190615
231,107814.6388687033,-0.5954098754787326,32310.0,-1.2161003820347587,-0.6774193548387097
232,108281.36890709595,-0.5974172547678008,32310.0,-1.2145649017544118,-0.6803519061583577
233,108748.09894548861,-0.5994191659466044,32310.0,-1.2130294214740647,-0.6832844574780059
234,109214.82898388126,-0.6014156153470606,32310.0,-1.211493941193718,-0.6862170087976539
235,109681.55902227391,-0.6034066094407406,32310.0,-1.209958460913371,-0.689149560117302
236,110148.28906066658,-0.6053921548368982,32310.0,-1.208422980633024,-0.6920821114369502
237,110615.01909905922,-0.6073722582805088,32310.0,-1.2068875003526771,-0.6950146627565982
238,111081.74913745189,-0.6093469266503209,32310.0,-1.2053520200723302,-0.6979472140762464
239,111548.47917584454,-0.6113161669569168,32310.0,-1.2038165397919833,-0.7008797653958944
240,112015.20921423718,-0.6132799863407867,32310.0,-1.2022810595116364,-0.7038123167155425
241,112481.93925262985,-0.6152383920704121,32310.0,-1.2007455792312896,-0.7067448680351907
242,112948.6692910225,-0.6171913915403622,32310.0,-1.1992100989509424,-0.7096774193548386
243,113415.39932941516,-0.6191389922694017,32310.0,-1.1976746186705955,-0.7126099706744868
244,113882.12936780781,-0.6210812018986098,32310.0,-1.1961391383902487,-0.7155425219941349
245,114348.85940620046,-0.6230180281895122,32310.0,-1.1946036581099018,-0.7184750733137829
246,114815.58944459312,-0.6249494790222242,32310.0,-1.1930681778295549,-0.7214076246334311
247,115282.31948298577,-0.6268755623936064,32310.0,-1.191532697549208,-0.7243401759530791
248,115749.04952137843,-0.628796286415433,32310.0,-1.189997217268861,-0.7272727272727273
249,116215.77955977108,-0.6307116593125717,32310.0,-1.188461736988514,-0.7302052785923754
250,116682.50959816374,-0.6326216894211772,32310.0,-1.1869262567081673,-0.7331378299120235
251,117149.23963655639,-0.6345263851868964,32310.0,-1.1853907764278202,-0.7360703812316716
252,117615.96967494904,-0.6364257551630864,32310.0,-1.1838552961474733,-0.7390029325513195
253,118082.6997133417,-0.6383198080090459,32310.0,-1.1823198158671264,-0.7419354838709677
254,118549.42975173435,-0.6402085524882584,32310.0,-1.1807843355867795,-0.7448680351906158
255,119016.15979012701,-0.6420919974666499,32310.0,-1.1792488553064326,-0.7478005865102639
256,119482.88982851966,-0.6439701519108577,32310.0,-1.1777133750260858,-0.750733137829912
257,119949.61986691231,-0.6458430248865139,32310.0,-1.1761778947457389,-0.75366568914956
258,120416.34990530497,-0.6477106255565412,32310.0,-1.1746424144653917,-0.7565982404692082
259,120883.07994369762,-0.6495729631794619,32310.0,-1.173106934185045,-0.7595307917888563
260,121349.8099820903,-0.6514300471077206,32310.0,-1.171571453904698,-0.7624633431085044
261,121816.54002048295,-0.6532818867860195,32310.0,-1.170035973624351,-0.7653958944281525
262,122283.27005887558,-0.6551284917496683,32310.0,-1.1685004933440042,-0.7683284457478006
263,122750.00009726826,-0.6569698716229457,32310.0,-1.1669650130636573,-0.7712609970674487
264,123216.73013566091,-0.6588060361174762,32310.0,-1.1654295327833104,-0.7741935483870968
265,123683.46017405357,-0.6606369950306188,32310.0,-1.1638940525029635,-0.7771260997067448
266,124150.19021244622,-0.66246275824387,32310.0,-1.1623585722226166,-0.7800586510263929
267,124616.92025083888,-0.6642833357212811,32310.0,-1.1608230919422695,-0.7829912023460411
268,125083.65028923153,-0.6660987375078861,32310.0,-1.1592876116619226,-0.7859237536656891
269,125550.38032762418,-0.6679089737281476,32310.0,-1.1577521313815757,-0.7888563049853372
270,126017.11036601684,-0.6697140545844128,32310.0,-1.1562166511012288,-0.7917888563049853
271,126483.8404044095,-0.6715139903553837,32310.0,-1.154681170820882,-0.7947214076246334
272,126950.57044280216,-0.6733087913946024,32310.0,-1.153145690540535,-0.7976539589442816
273,127417.3004811948,-0.6750984681289484,32310.0,-1.1516102102601882,-0.8005865102639296
274,127884.03051958745,-0.6768830310571506,32310.0,-1.150074729979841,-0.8035190615835777
275,128350.76055798012,-0.6786624907483126,32310.0,-1.1485392496994944,-0.8064516129032259
276,128817.49059637277,-0.6804368578404509,32310.0,-1.1470037694191473,-0.8093841642228738
277,129284.22063476543,-0.6822061430390479,32310.0,-1.1454682891388004,-0.812316715542522
278,129750.95067315808,-0.6839703571156178,32310.0,-1.1439328088584535,-0.81524926686217
279,130217.68071155073,-0.6857295109062862,32310.0,-1.1423973285781066,-0.8181818181818181
280,130684.41074994339,-0.6874836153103839,32310.0,-1.1408618482977597,-0.8211143695014663
281,131151.14078833605,-0.6892326812890527,32310.0,-1.1393263680174128,-0.8240469208211144
282,131617.8708267287,-0.6909767198638669,32310.0,-1.137790887737066,-0.8269794721407625
283,132084.60086512135,-0.6927157421154663,32310.0,-1.1362554074567188,-0.8299120234604105
284,132551.330903514,-0.6944497591822044,32310.0,-1.134719927176372,-0.8328445747800586
285,133018.06094190667,-0.6961787822588092,32310.0,-1.133184446896025,-0.8357771260997069
286,133484.79098029932,-0.6979028225950571,32310.0,-1.1316489666156782,-0.8387096774193549
287,133951.52101869197,-0.6996218914944607,32310.0,-1.1301134863353313,-0.841642228739003
288,134418.25105708462,-0.7013360003129715,32310.0,-1.1285780060549844,-0.844574780058651
289,134884.9810954773,-0.7030451604576922,32310.0,-1.1270425257746375,-0.8475073313782991
290,135351.71113386995,-0.704749383385606,32310.0,-1.1255070454942904,-0.8504398826979472
291,135818.4411722626,-0.706448680602318,32310.0,-1.1239715652139437,-0.8533724340175953
292,136285.17121065524,-0.7081430636608088,32310.0,-1.1224360849335966,-0.8563049853372434
293,136751.9012490479,-0.7098325441602025,32310.0,-1.1209006046532497,-0.8592375366568915
294,137218.63128744057,-0.7115171337445476,32310.0,-1.1193651243729028,-0.8621700879765396
295,137685.36132583322,-0.7131968441016108,32310.0,-1.117829644092556,-0.8651026392961877
296,138152.09136422587,-0.7148716869616838,32310.0,-1.116294163812209,-0.8680351906158357
297,138618.82140261852,-0.7165416740964037,32310.0,-1.1147586835318621,-0.8709677419354839
298,139085.55144101116,-0.7182068173175855,32310.0,-1.1132232032515152,-0.873900293255132
299,139552.28147940384,-0.7198671284760682,32310.0,-1.1116877229711681,-0.8768328445747801
300,140019.0115177965,-0.7215226194605733,32310.0,-1.1101522426908215,-0.8797653958944281
301,140485.74155618914,-0.7231733021965765,32310.0,-1.1086167624104744,-0.8826979472140761
302,140952.4715945818,-0.724819188645192,32310.0,-1.1070812821301275,-0.8856304985337242
303,141419.20163297444,-0.7264602908020691,32310.0,-1.1055458018497806,-0.8885630498533723
304,141885.9316713671,-0.7280966206963021,32310.0,-1.1040103215694337,-0.8914956011730205
305,142352.66170975976,-0.7297281903893515,32310.0,-1.1024748412890868,-0.8944281524926686
306,142819.3917481524,-0.7313550119739802,32310.0,-1.10093936100874,-0.8973607038123167
307,143286.12178654506,-0.732977097573199,32310.0,-1.099403880728393,-0.9002932551319647
308,143752.8518249377,-0.7345944593392266,32310.0,-1.097868400448046,-0.9032258064516128
309,144219.5818633304,-0.7362071094524615,32310.0,-1.096332920167699,-0.906158357771261
310,144686.31190172303,-0.7378150601204648,32310.0,-1.0947974398873521,-0.9090909090909091
311,145153.0419401157,-0.7394183235769585,32310.0,-1.0932619596070052,-0.9120234604105574
312,145619.77197850833,-0.7410169120808303,32310.0,-1.0917264793266583,-0.9149560117302051
313,146086.50201690098,-0.7426108379151577,32310.0,-1.0901909990463114,-0.9178885630498532
314,146553.23205529366,-0.7442001133862365,32310.0,-1.0886555187659646,-0.9208211143695014
315,147019.9620936863,-0.7457847508226271,32310.0,-1.0871200384856174,-0.9237536656891495
316,147486.69213207898,-0.7473647625742096,32310.0,-1.0855845582052708,-0.9266862170087978
317,147953.42217047163,-0.7489401610112508,32310.0,-1.0840490779249237,-0.9296187683284458
318,148420.15220886428,-0.7505109585234845,32310.0,-1.0825135976445768,-0.9325513196480939
319,148886.88224725693,-0.7520771675192011,32310.0,-1.0809781173642299,-0.935483870967742
320,149353.61228564958,-0.7536388004243506,32310.0,-1.079442637083883,-0.93841642228739
321,149820.34232404226,-0.7551958696816562,32310.0,-1.077907156803536,-0.9413489736070383
322,150287.0723624349,-0.7567483877497384,32310.0,-1.0763716765231892,-0.9442815249266863
323,150753.80240082755,-0.7582963671022527,32310.0,-1.0748361962428423,-0.9472140762463344
324,151220.5324392202,-0.7598398202270362,32310.0,-1.0733007159624952,-0.9501466275659824
325,151687.26247761285,-0.7613787596252665,32310.0,-1.0717652356821483,-0.9530791788856304
326,152153.99251600553,-0.762913197810631,32310.0,-1.0702297554018014,-0.9560117302052786
327,152620.72255439818,-0.7644431473085076,32310.0,-1.0686942751214545,-0.9589442815249266
328,153087.45259279083,-0.7659686206551563,32310.0,-1.0671587948411076,-0.9618768328445748
329,153554.18263118347,-0.767489630396921,32310.0,-1.0656233145607608,-0.9648093841642229
330,154020.91266957612,-0.769006189089443,32310.0,-1.0640878342804139,-0.9677419354838709
331,154487.6427079688,-0.7705183092968843,32310.0,-1.0625523540000668,-0.9706744868035191
332,154954.37274636145,-0.772026003591161,32310.0,-1.06101687371972,-0.9736070381231671
333,155421.1027847541,-0.7735292845511893,32310.0,-1.059481393439373,-0.9765395894428152
334,155887.83282314675,-0.775028164762139,32310.0,-1.057945913159026,-0.9794721407624634
335,156354.5628615394,-0.7765226568146991,32310.0,-1.0564104328786792,-0.9824046920821113
336,156821.29289993207,-0.7780127733043543,32310.0,-1.0548749525983323,-0.9853372434017595
337,157288.02293832472,-0.7794985268306683,32310.0,-1.0533394723179854,-0.9882697947214076
338,157754.75297671737,-0.7809799299965821,32310.0,-1.0518039920376383,-0.9912023460410556
339,158221.48301511002,-0.7824569954077171,32310.0,-1.0502685117572916,-0.9941348973607037
340,158688.21305350267,-0.7839297356716921,32310.0,-1.0487330314769445,-0.9970674486803517
341,159154.94309189534,-0.7853981633974483,32310.0,-1.0471975511965979,-1.0
342,159621.673130288,-0.7868622911945832,32310.0,-1.0456620709162507,-1.002932551319648
343,160088.40316868064,-0.7883221316726964,32310.0,-1.0441265906359039,-1.0058651026392962
344,160555.1332070733,-0.7897776974407432,32310.0,-1.042591110355557,-1.008797653958944
345,161021.86324546597,-0.7912290011063979,32310.0,-1.04105563007521,-1.0117302052785924
346,161488.59328385862,-0.792676055275427,32310.0,-1.0395201497948632,-1.0146627565982405
347,161955.32332225126,-0.7941188725510712,32310.0,-1.037984669514516,-1.0175953079178885
348,162422.05336064394,-0.7955574655334375,32310.0,-1.0364491892341694,-1.0205278592375369
349,162888.7833990366,-0.7969918468188986,32310.0,-1.0349137089538223,-1.0234604105571847
350,163355.51343742924,-0.7984220289995033,32310.0,-1.0333782286734756,-1.0263929618768328
351,163822.2434758219,-0.7998480246623949,32310.0,-1.0318427483931285,-1.029325513196481
352,164288.97351421454,-0.8012698463892383,32310.0,-1.0303072681127816,-1.032258064516129
353,164755.7035526072,-0.8026875067556567,32310.0,-1.0287717878324347,-1.0351906158357773
354,165222.43359099986,-0.8041010183306755,32310.0,-1.0272363075520878,-1.0381231671554252
355,165689.1636293925,-0.805510393676177,32310.0,-1.025700827271741,-1.0410557184750733
356,166155.89366778516,-0.8069156453463618,32310.0,-1.0241653469913938,-1.0439882697947214
357,166622.6237061778,-0.8083167858872196,32310.0,-1.0226298667110472,-1.0469208211143695
358,167089.35374457046,-0.8097138278360072,32310.0,-1.0210943864307,-1.0498533724340176
359,167556.08378296313,-0.8111067837207374,32310.0,-1.0195589061503532,-1.0527859237536659
360,168022.81382135578,-0.8124956660596724,32310.0,-1.0180234258700063,-1.0557184750733137
361,168489.54385974843,-0.8138804873608285,32310.0,-1.0164879455896594,-1.0586510263929618
362,168956.27389814108,-0.8152612601214877,32310.0,-1.0149524653093125,-1.06158357771261
363,169423.00393653373,-0.8166379968277165,32310.0,-1.0134169850289654,-1.064516129032258
364,169889.7339749264,-0.8180107099538944,32310.0,-1.0118815047486187,-1.0674486803519063
365,170356.46401331906,-0.8193794119622473,32310.0,-1.0103460244682716,-1.0703812316715542
366,170823.1940517117,-0.8207441153023926,32310.0,-1.008810544187925,-1.0733137829912023
367,171289.92409010435,-0.8221048324108882,32310.0,-1.0072750639075778,-1.0762463343108504
368,171756.654128497,-0.8234615757107915,32310.0,-1.005739583627231,-1.0791788856304985
369,172223.38416688968,-0.8248143576112245,32310.0,-1.004204103346884,-1.0821114369501468
370,172690.11420528233,-0.8261631905069469,32310.0,-1.0026686230665371,-1.0850439882697946
371,173156.84424367498,-0.8275080867779372,32310.0,-1.0011331427861903,-1.0879765395894427
372,173623.57428206762,-0.8288490587889791,32310.0,-0.9995976625058433,-1.0909090909090908
373,174090.30432046027,-0.8301861188892574,32310.0,-0.9980621822254964,-1.093841642228739
374,174557.03435885295,-0.8315192794119596,32310.0,-0.9965267019451495,-1.0967741935483872
375,175023.7643972456,-0.8328485526738837,32310.0,-0.9949912216648025,-1.099706744868035
376,175490.49443563825,-0.8341739509750562,32310.0,-0.9934557413844556,-1.1026392961876832
377,175957.2244740309,-0.8354954865983528,32310.0,-0.9919202611041087,-1.1055718475073313
378,176423.9545124236,-0.8368131718091293,32310.0,-0.9903847808237618,-1.1085043988269796
379,176890.68455081625,-0.8381270188548567,32310.0,-0.9888493005434148,-1.1114369501466277
380,177357.41458920887,-0.8394370399647653,32310.0,-0.9873138202630679,-1.1143695014662756
381,177824.14462760152,-0.8407432473494931,32310.0,-0.985778339982721,-1.1173020527859236
382,178290.87466599417,-0.8420456532007424,32310.0,-0.9842428597023741,-1.1202346041055717
383,178757.60470438687,-0.8433442696909419,32310.0,-0.9827073794220271,-1.12316715542522
384,179224.33474277952,-0.8446391089729149,32310.0,-0.9811718991416802,-1.1260997067448681
385,179691.06478117217,-0.8459301831795555,32310.0,-0.9796364188613333,-1.129032258064516
386,180157.79481956482,-0.8472175044235087,32310.0,-0.9781009385809865,-1.131964809384164
387,180624.52485795744,-0.8485010847968584,32310.0,-0.9765654583006396,-1.1348973607038122
388,181091.25489635015,-0.8497809363708204,32310.0,-0.9750299780202926,-1.1378299120234605
389,181557.9849347428,-0.8510570711954417,32310.0,-0.9734944977399457,-1.1407624633431086
390,182024.71497313544,-0.8523295012993062,32310.0,-0.9719590174595988,-1.1436950146627567
391,182491.4450115281,-0.8535982386892454,32310.0,-0.9704235371792519,-1.1466275659824046
392,182958.17504992074,-0.8548632953500559,32310.0,-0.9688880568989049,-1.1495601173020527
393,183424.90508831342,-0.8561246832442214,32310.0,-0.967352576618558,-1.152492668621701
394,183891.63512670607,-0.8573824143116414,32310.0,-0.9658170963382111,-1.155425219941349
395,184358.36516509872,-0.8586365004693649,32310.0,-0.9642816160578642,-1.1583577712609971
396,184825.09520349136,-0.8598869536113299,32310.0,-0.9627461357775172,-1.161290322580645
397,185291.825241884,-0.8611337856081084,32310.0,-0.9612106554971703,-1.164222873900293
398,185758.5552802767,-0.8623770083066559,32310.0,-0.9596751752168234,-1.1671554252199414
399,186225.28531866934,-0.8636166335300676,32310.0,-0.9581396949364765,-1.1700879765395895
400,186692.015357062,-0.8648526730773388,32310.0,-0.9566042146561295,-1.1730205278592376
401,187158.74539545464,-0.8660851387231314,32310.0,-0.9550687343757827,-1.1759530791788855
402,187625.47543384728,-0.8673140422175442,32310.0,-0.9535332540954358,-1.1788856304985336
403,188092.20547223996,-0.8685393952858895,32310.0,-0.9519977738150889,-1.1818181818181819
404,188558.9355106326,-0.869761209628474,32310.0,-0.9504622935347419,-1.18475073313783
405,189025.66554902526,-0.870979496920385,32310.0,-0.948926813254395,-1.187683284457478
406,189492.3955874179,-0.8721942688112815,32310.0,-0.9473913329740481,-1.190615835777126
407,189959.12562581056,-0.873405536925189,32310.0,-0.9458558526937012,-1.193548387096774
408,190425.85566420323,-0.8746133128603015,32310.0,-0.9443203724133542,-1.1964809384164223
409,190892.58570259588,-0.8758176081887851,32310.0,-0.9427848921330073,-1.1994134897360704
410,191359.31574098853,-0.8770184344565888,32310.0,-0.9412494118526604,-1.2023460410557185
411,191826.04577938118,-0.8782158031832585,32310.0,-0.9397139315723135,-1.2052785923753664
412,192292.77581777383,-0.879409725861756,32310.0,-0.9381784512919665,-1.2082111436950145
413,192759.5058561665,-0.8806002139582818,32310.0,-0.9366429710116196,-1.2111436950146628
414,193226.23589455915,-0.8817872789121034,32310.0,-0.9351074907312728,-1.2140762463343109
415,193692.9659329518,-0.882970932135387,32310.0,-0.9335720104509259,-1.217008797653959
416,194159.69597134445,-0.8841511850130341,32310.0,-0.9320365301705789,-1.2199413489736068
417,194626.42600973713,-0.8853280489025217,32310.0,-0.930501049890232,-1.2228739002932552
418,195093.15604812978,-0.8865015351337467,32310.0,-0.9289655696098851,-1.2258064516129032
419,195559.88608652243,-0.8876716550088761,32310.0,-0.9274300893295382,-1.2287390029325513
420,196026.61612491508,-0.8888384198021978,32310.0,-0.9258946090491912,-1.2316715542521994
421,196493.34616330772,-0.8900018407599791,32310.0,-0.9243591287688443,-1.2346041055718473
422,196960.0762017004,-0.8911619291003269,32310.0,-0.9228236484884974,-1.2375366568914956
423,197426.80624009305,-0.892318696013052,32310.0,-0.9212881682081505,-1.2404692082111437
424,197893.5362784857,-0.8934721526595387,32310.0,-0.9197526879278035,-1.2434017595307918
425,198360.26631687835,-0.8946223101726158,32310.0,-0.9182172076474566,-1.2463343108504399
426,198826.996355271,-0.8957691796564339,32310.0,-0.9166817273671097,-1.249266862170088
427,199293.72639366367,-0.8969127721863444,32310.0,-0.9151462470867628,-1.252199413489736
428,199760.45643205632,-0.8980530988087828,32310.0,-0.913610766806416,-1.2551319648093842
429,200227.18647044897,-0.8991901705411562,32310.0,-0.912075286526069,-1.2580645161290323
430,200693.91650884162,-0.9003239983717339,32310.0,-0.9105398062457221,-1.2609970674486803
431,201160.64654723427,-0.9014545932595402,32310.0,-0.9090043259653752,-1.2639296187683284
432,201627.37658562695,-0.9025819661342533,32310.0,-0.9074688456850283,-1.2668621700879765
433,202094.1066240196,-0.9037061278961055,32310.0,-0.9059333654046813,-1.2697947214076246
434,202560.83666241224,-0.9048270894157868,32310.0,-0.9043978851243344,-1.2727272727272727
435,203027.5667008049,-0.9059448615343533,32310.0,-0.9028624048439875,-1.2756598240469208
436,203494.29673919754,-0.9070594550631375,32310.0,-0.9013269245636406,-1.278592375366569
437,203961.02677759022,-0.908170880783662,32310.0,-0.8997914442832936,-1.281524926686217
438,204427.75681598287,-0.9092791494475568,32310.0,-0.8982559640029467,-1.284457478005865
439,204894.48685437551,-0.9103842717764797,32310.0,-0.8967204837225998,-1.2873900293255132
440,205361.21689276816,-0.9114862584620388,32310.0,-0.8951850034422529,-1.2903225806451613
441,205827.9469311608,-0.9125851201657191,32310.0,-0.8936495231619059,-1.2932551319648093
442,206294.6769695535,-0.9136808675188126,32310.0,-0.892114042881559,-1.2961876832844574
443,206761.40700794614,-0.9147735111223486,32310.0,-0.8905785626012122,-1.2991202346041055
444,207228.1370463388,-0.9158630615470306,32310.0,-0.8890430823208653,-1.3020527859237536
445,207694.86708473144,-0.9169495293331731,32310.0,-0.8875076020405183,-1.3049853372434017
446,208161.59712312408,-0.9180329249906425,32310.0,-0.8859721217601714,-1.3079178885630498
447,208628.3271615168,-0.9191132589988011,32310.0,-0.8844366414798245,-1.310850439882698
448,209095.0571999094,-0.9201905418064522,32310.0,-0.8829011611994776,-1.313782991202346
449,209561.78723830206,-0.9212647838317902,32310.0,-0.8813656809191306,-1.316715542521994
450,210028.5172766947,-0.9223359954623512,32310.0,-0.8798302006387837,-1.3196480938416422
451,210495.24731508736,-0.9234041870549676,32310.0,-0.8782947203584368,-1.3225806451612903
452,210961.97735348006,-0.9244693689357247,32310.0,-0.8767592400780899,-1.3255131964809386
453,211428.7073918727,-0.9255315513999194,32310.0,-0.8752237597977429,-1.3284457478005864
454,211895.43743026536,-0.9265907447120225,32310.0,-0.873688279517396,-1.3313782991202345
455,212362.16746865798,-0.927646959105643,32310.0,-0.8721527992370491,-1.3343108504398826
456,212828.8975070507,-0.9287002047834936,32310.0,-0.8706173189567022,-1.337243401759531
457,213295.62754544333,-0.9297504919173603,32310.0,-0.8690818386763552,-1.340175953079179
458,213762.35758383598,-0.9307978306480741,32310.0,-0.8675463583960084,-1.343108504398827
459,214229.08762222863,-0.9318422310854837,32310.0,-0.8660108781156615,-1.346041055718475
460,214695.81766062128,-0.9328837033084315,32310.0,-0.8644753978353146,-1.348973607038123
461,215162.54769901396,-0.933922257364732,32310.0,-0.8629399175549676,-1.3519061583577714
462,215629.2777374066,-0.9349579032711515,32310.0,-0.8614044372746207,-1.3548387096774195
463,216096.00777579925,-0.9359906510133909,32310.0,-0.8598689569942738,-1.3577712609970674
464,216562.7378141919,-0.9370205105460698,32310.0,-0.8583334767139269,-1.3607038123167154
465,217029.46785258455,-0.9380474917927134,32310.0,-0.8567979964335799,-1.3636363636363635
466,217496.19789097723,-0.9390716046457415,32310.0,-0.855262516153233,-1.3665689149560118
467,217962.92792936988,-0.9400928589664579,32310.0,-0.8537270358728861,-1.36950146627566
468,218429.65796776253,-0.9411112645850442,32310.0,-0.8521915555925392,-1.3724340175953078
469,218896.38800615518,-0.9421268313005542,32310.0,-0.8506560753121922,-1.375366568914956
470,219363.11804454782,-0.94313956888091,32310.0,-0.8491205950318453,-1.378299120234604
471,219829.8480829405,-0.9441494870629011,32310.0,-0.8475851147514984,-1.3812316715542523
472,220296.57812133315,-0.9451565955521833,32310.0,-0.8460496344711516,-1.3841642228739004
473,220763.3081597258,-0.946160904023283,32310.0,-0.8445141541908047,-1.3870967741935483
474,221230.03819811845,-0.9471624221195991,32310.0,-0.8429786739104577,-1.3900293255131964
475,221696.7682365111,-0.9481611594534092,32310.0,-0.8414431936301108,-1.3929618768328444
476,222163.49827490377,-0.9491571256058784,32310.0,-0.8399077133497639,-1.3958944281524928
477,222630.22831329642,-0.9501503301270661,32310.0,-0.838372233069417,-1.3988269794721409
478,223096.95835168907,-0.9511407825359384,32310.0,-0.83683675278907,-1.4017595307917887
479,223563.68839008172,-0.9521284923203804,32310.0,-0.8353012725087231,-1.4046920821114368
480,224030.41842847437,-0.9531134689372098,32310.0,-0.8337657922283762,-1.407624633431085
481,224497.14846686705,-0.9540957218121932,32310.0,-0.8322303119480293,-1.4105571847507332
482,224963.8785052597,-0.955075260340062,32310.0,-0.8306948316676823,-1.4134897360703813
483,225430.60854365234,-0.9560520938845334,32310.0,-0.8291593513873354,-1.4164222873900294
484,225897.338582045,-0.9570262317783282,32310.0,-0.8276238711069885,-1.4193548387096773
485,226364.06862043764,-0.9579976833231951,32310.0,-0.8260883908266416,-1.4222873900293254
486,226830.79865883032,-0.9589664577899318,32310.0,-0.8245529105462946,-1.4252199413489737
487,227297.52869722297,-0.9599325644184108,32310.0,-0.8230174302659478,-1.4281524926686218
488,227764.25873561561,-0.9608960124176055,32310.0,-0.8214819499856009,-1.4310850439882699
489,228230.98877400826,-0.961856810965617,32310.0,-0.819946469705254,-1.4340175953079177
490,228697.7188124009,-0.962814969209704,32310.0,-0.818410989424907,-1.4369501466275658
491,229164.4488507936,-0.963770496266312,32310.0,-0.8168755091445601,-1.4398826979472141
492,229631.17888918624,-0.9647234012211047,32310.0,-0.8153400288642132,-1.4428152492668622
493,230097.9089275789,-0.9656736931289983,32310.0,-0.8138045485838663,-1.4457478005865103
494,230564.63896597154,-0.9666213810141933,32310.0,-0.8122690683035193,-1.4486803519061582
495,231031.3690043642,-0.9675664738702118,32310.0,-0.8107335880231724,-1.4516129032258065
496,231498.09904275686,-0.9685089806599325,32310.0,-0.8091981077428255,-1.4545454545454546
497,231964.8290811495,-0.969448910315629,32310.0,-0.8076626274624786,-1.4574780058651027
498,232431.55911954216,-0.9703862717390092,32310.0,-0.8061271471821316,-1.4604105571847508
499,232898.2891579348,-0.971321073801254,32310.0,-0.8045916669017847,-1.4633431085043986
500,233365.01919632748,-0.9722533253430594,32310.0,-0.8030561866214379,-1.466275659824047
501,233831.74923472013,-0.9731830351746782,32310.0,-0.801520706341091,-1.469208211143695
502,234298.47927311278,-0.9741102120759642,32310.0,-0.799985226060744,-1.4721407624633431
503,234765.20931150543,-0.9750348647964152,32310.0,-0.7984497457803971,-1.4750733137829912
504,235231.93934989808,-0.9759570020552194,32310.0,-0.7969142655000502,-1.478005865102639
505,235698.66938829076,-0.9768766325413017,32310.0,-0.7953787852197033,-1.4809384164222874
506,236165.3994266834,-0.9777937649133708,32310.0,-0.7938433049393563,-1.4838709677419355
507,236632.12946507605,-0.9787084077999676,32310.0,-0.7923078246590094,-1.4868035190615836
508,237098.8595034687,-0.9796205697995151,32310.0,-0.7907723443786625,-1.4897360703812317
509,237565.58954186135,-0.9805302594803681,32310.0,-0.7892368640983156,-1.4926686217008795
510,238032.31958025403,-0.981437485380865,32310.0,-0.7877013838179686,-1.4956011730205279
511,238499.04961864668,-0.9823422560093792,32310.0,-0.7861659035376217,-1.498533724340176
512,238965.77965703933,-0.9832445798443727,32310.0,-0.7846304232572748,-1.501466275659824
513,239432.50969543197,-0.98414446533445,32310.0,-0.7830949429769279,-1.5043988269794721
514,239899.23973382462,-0.9850419208984124,32310.0,-0.781559462696581,-1.50733137829912
515,240365.96977221733,-0.985936954925314,32310.0,-0.780023982416234,-1.5102639296187683
516,240832.69981060995,-0.9868295757745176,32310.0,-0.7784885021358872,-1.5131964809384164
517,241299.4298490026,-0.987719791775752,32310.0,-0.7769530218555403,-1.5161290322580645
518,241766.15988739525,-0.9886076112291708,32310.0,-0.7754175415751934,-1.5190615835777126
519,242232.8899257879,-0.9894930424054097,32310.0,-0.7738820612948464,-1.5219941348973607
520,242699.6199641806,-0.9903760935456467,32310.0,-0.7723465810144995,-1.5249266862170088
521,243166.35000257325,-0.9912567728616625,32310.0,-0.7708111007341526,-1.5278592375366569
522,243633.0800409659,-0.9921350885359005,32310.0,-0.7692756204538057,-1.530791788856305
523,244099.81007935852,-0.9930110487215291,32310.0,-0.7677401401734587,-1.533724340175953
524,244566.54011775117,-0.9938846615425042,32310.0,-0.7662046598931118,-1.5366568914956011
525,245033.27015614387,-0.9947559350936312,32310.0,-0.7646691796127649,-1.5395894428152492
526,245500.00019453652,-0.9956248774406291,32310.0,-0.763133699332418,-1.5425219941348973
527,245966.73023292917,-0.9964914966201948,32310.0,-0.761598219052071,-1.5454545454545454
528,246433.46027132182,-0.9973558006400677,32310.0,-0.7600627387717241,-1.5483870967741935
529,246900.19030971444,-0.9982177974790948,32310.0,-0.7585272584913773,-1.5513196480938416
530,247366.92034810715,-0.9990774950872976,32310.0,-0.7569917782110304,-1.5542521994134897
531,247833.6503864998,-0.9999349013859377,32310.0,-0.7554562979306834,-1.5571847507331378
532,248300.38042489244,-1.0007900242675845,32310.0,-0.7539208176503365,-1.5601173020527859
533,248767.1104632851,-1.0016428715961825,32310.0,-0.7523853373699896,-1.563049853372434
534,249233.84050167777,-1.0024934512071204,32310.0,-0.7508498570896427,-1.5659824046920823
535,249700.57054007042,-1.0033417709072985,32310.0,-0.7493143768092957,-1.5689149560117301
536,250167.30057846307,-1.0041878384751983,32310.0,-0.7477788965289488,-1.5718475073313782
537,250634.0306168557,-1.0050316616609534,32310.0,-0.7462434162486019,-1.5747800586510263
538,251100.76065524836,-1.005873248186418,32310.0,-0.744707935968255,-1.5777126099706744
539,251567.49069364104,-1.0067126057452396,32310.0,-0.743172455687908,-1.5806451612903227
540,252034.2207320337,-1.0075497420029271,32310.0,-0.7416369754075611,-1.5835777126099706
541,252500.95077042634,-1.0083846645969257,32310.0,-0.7401014951272142,-1.5865102639296187
542,252967.680808819,-1.0092173811366862,32310.0,-0.7385660148468673,-1.5894428152492668
543,253434.41084721163,-1.0100478992037396,32310.0,-0.7370305345665203,-1.5923753665689149
544,253901.1408856043,-1.0108762263517683,32310.0,-0.7354950542861735,-1.5953079178885632
545,254367.87092399696,-1.0117023701066796,32310.0,-0.7339595740058266,-1.5982404692082113
546,254834.6009623896,-1.0125263379666802,32310.0,-0.7324240937254797,-1.6011730205278591
547,255301.33100078226,-1.013348137402349,32310.0,-0.7308886134451327,-1.6041055718475072
548,255768.0610391749,-1.0141677758567123,32310.0,-0.7293531331647858,-1.6070381231671553
549,256234.79107756758,-1.0149852607453176,32310.0,-0.7278176528844389,-1.6099706744868036
550,256701.52111596023,-1.0158005994563097,32310.0,-0.726282172604092,-1.6129032258064517
551,257168.25115435288,-1.0166137993505053,32310.0,-0.724746692323745,-1.6158357771260996
552,257634.98119274553,-1.0174248677614683,32310.0,-0.7232112120433981,-1.6187683284457477
553,258101.71123113818,-1.018233811995587,32310.0,-0.7216757317630512,-1.6217008797653958
554,258568.44126953086,-1.0190406393321483,32310.0,-0.7201402514827043,-1.624633431085044
555,259035.1713079235,-1.0198453570234172,32310.0,-0.7186047712023574,-1.6275659824046922
556,259501.90134631615,-1.0206479722947104,32310.0,-0.7170692909220104,-1.63049853372434
557,259968.6313847088,-1.0214484923444758,32310.0,-0.7155338106416635,-1.6334310850439882
558,260435.36142310145,-1.0222469243443686,32310.0,-0.7139983303613167,-1.6363636363636362
559,260902.09146149413,-1.0230432754393293,32310.0,-0.7124628500809698,-1.6392961876832846
560,261368.82149988678,-1.023837552747661,32310.0,-0.7109273698006228,-1.6422287390029326
561,261835.55153827943,-1.0246297633611088,32310.0,-0.7093918895202759,-1.6451612903225805
562,262302.2815766721,-1.0254199143449363,32310.0,-0.707856409239929,-1.6480938416422288
563,262769.0116150647,-1.0262080127380049,32310.0,-0.7063209289595821,-1.6510263929618765
564,263235.7416534574,-1.0269940655528533,32310.0,-0.7047854486792351,-1.653958944281525
565,263702.47169185005,-1.0277780797757745,32310.0,-0.7032499683988882,-1.656891495601173
566,264169.2017302427,-1.0285600623668965,32310.0,-0.7017144881185413,-1.659824046920821
567,264635.93176863535,-1.0293400202602612,32310.0,-0.7001790078381944,-1.662756598240469
568,265102.661807028,-1.0301179603639028,32310.0,-0.6986435275578474,-1.6656891495601172
569,265569.3918454207,-1.0308938895599289,32310.0,-0.6971080472775005,-1.6686217008797657
570,266036.12188381335,-1.0316678147045988,32310.0,-0.6955725669971536,-1.6715542521994138
571,266502.851922206,-1.0324397426284047,32310.0,-0.6940370867168068,-1.6744868035190619
572,266969.58196059865,-1.03320968013615,32310.0,-0.6925016064364597,-1.6774193548387097
573,267436.3119989913,-1.033977634007032,32310.0,-0.6909661261561129,-1.6803519061583578
574,267903.04203738394,-1.0347436109947188,32310.0,-0.689430645875766,-1.683284457478006
575,268369.7720757766,-1.0355076178274327,32310.0,-0.6878951655954191,-1.686217008797654
576,268836.50211416924,-1.036269661208029,32310.0,-0.6863596853150721,-1.689149560117302
577,269303.2321525619,-1.037029747814077,32310.0,-0.6848242050347252,-1.69208211143695
578,269769.9621909546,-1.037787884297941,32310.0,-0.6832887247543783,-1.6950146627565983
579,270236.69222934725,-1.0385440772868602,32310.0,-0.6817532444740314,-1.6979472140762464
580,270703.4222677399,-1.0392983333830308,32310.0,-0.6802177641936844,-1.7008797653958945
581,271170.15230613254,-1.0400506591636856,32310.0,-0.6786822839133375,-1.7038123167155428
582,271636.8823445252,-1.0408010611811758,32310.0,-0.6771468036329906,-1.7067448680351907
583,272103.61238291784,-1.041549545963052,32310.0,-0.6756113233526437,-1.7096774193548387
584,272570.3424213105,-1.0422961200121446,32310.0,-0.6740758430722967,-1.7126099706744868
585,273037.07245970314,-1.0430407898066463,32310.0,-0.6725403627919498,-1.715542521994135
586,273503.8024980958,-1.0437835618001923,32310.0,-0.671004882511603,-1.718475073313783
587,273970.53253648843,-1.0445244424219409,32310.0,-0.6694694022312561,-1.7214076246334309
588,274437.26257488114,-1.0452634380766563,32310.0,-0.6679339219509091,-1.7243401759530792
589,274903.9926132738,-1.0460005551447893,32310.0,-0.6663984416705622,-1.7272727272727273
590,275370.72265166644,-1.0467357999825577,32310.0,-0.6648629613902153,-1.7302052785923754
591,275837.4526900591,-1.0474691789220294,32310.0,-0.6633274811098684,-1.7331378299120235
592,276304.18272845173,-1.0482006982712013,32310.0,-0.6617920008295214,-1.7360703812316713
593,276770.9127668444,-1.0489303643140835,32310.0,-0.6602565205491745,-1.7390029325513194
594,277237.64280523703,-1.0496581833107785,32310.0,-0.6587210402688276,-1.7419354838709677
595,277704.3728436297,-1.0503841614975626,32310.0,-0.6571855599884807,-1.7448680351906158
596,278171.10288202233,-1.051108305086969,32310.0,-0.6556500797081337,-1.747800586510264
597,278637.832920415,-1.051830620267867,32310.0,-0.6541145994277868,-1.7507331378299118
598,279104.5629588077,-1.0525511132055443,32310.0,-0.6525791191474399,-1.7536656891495601
599,279571.29299720033,-1.0532697900417882,32310.0,-0.651043638867093,-1.7565982404692082
600,280038.023035593,-1.053986656894967,32310.0,-0.6495081585867462,-1.7595307917888563
601,280504.75307398563,-1.0547017198601103,32310.0,-0.6479726783063992,-1.7624633431085044
602,280971.4831123783,-1.0554149850089911,32310.0,-0.6464371980260523,-1.7653958944281523
603,281438.2131507709,-1.0561264583902066,32310.0,-0.6449017177457054,-1.7683284457478003
604,281904.9431891636,-1.0568361460292586,32310.0,-0.6433662374653585,-1.7712609970674484
605,282371.6732275562,-1.0575440539286356,32310.0,-0.6418307571850115,-1.7741935483870965
606,282838.4032659489,-1.058250188067893,32310.0,-0.6402952769046646,-1.7771260997067446
607,283305.1333043415,-1.058954554403734,32310.0,-0.6387597966243177,-1.7800586510263927
608,283771.8633427342,-1.0596571588700905,32310.0,-0.6372243163439708,-1.782991202346041
609,284238.5933811269,-1.0603580073782042,32310.0,-0.6356888360636238,-1.7859237536656891
610,284705.3234195195,-1.0610571058167064,32310.0,-0.6341533557832769,-1.7888563049853372
611,285172.0534579122,-1.0617544600516997,32310.0,-0.63261787550293,-1.7917888563049853
612,285638.7834963048,-1.0624500759268374,32310.0,-0.6310823952225831,-1.7947214076246334
613,286105.5135346975,-1.0631439592634042,32310.0,-0.6295469149422361,-1.7976539589442813
614,286572.2435730901,-1.0638361158603975,32310.0,-0.6280114346618892,-1.8005865102639294
615,287038.97361148277,-1.064526551494606,32310.0,-0.6264759543815424,-1.8035190615835774
616,287505.7036498754,-1.0652152719206913,32310.0,-0.6249404741011955,-1.8064516129032255
617,287972.4336882681,-1.0659022828712674,32310.0,-0.6234049938208485,-1.809384164222874
618,288439.1637266608,-1.0665875900569795,32310.0,-0.6218695135405016,-1.812316715542522
619,288905.8937650534,-1.0672711991665855,32310.0,-0.6203340332601547,-1.81524926686217
620,289372.62380344607,-1.067953115867036,32310.0,-0.6187985529798078,-1.8181818181818181
621,289839.3538418387,-1.0686333458035508,32310.0,-0.6172630726994608,-1.8211143695014662
622,290306.0838802314,-1.069311894599703,32310.0,-0.6157275924191139,-1.8240469208211147
623,290772.8139186241,-1.069988767857494,32310.0,-0.614192112138767,-1.8269794721407626
624,291239.54395701666,-1.0706639711574355,32310.0,-0.6126566318584201,-1.8299120234604103
625,291706.2739954093,-1.071337510058628,32310.0,-0.6111211515780731,-1.8328445747800584
626,292173.00403380196,-1.0720093900988388,32310.0,-0.6095856712977262,-1.8357771260997064
627,292639.73407219467,-1.0726796167945825,32310.0,-0.6080501910173793,-1.838709677419355
628,293106.4641105873,-1.073348195641198,32310.0,-0.6065147107370324,-1.8416422287390029
629,293573.19414897996,-1.0740151321129288,32310.0,-0.6049792304566854,-1.844574780058651
630,294039.9241873726,-1.0746804316629996,32310.0,-0.6034437501763386,-1.847507331378299
631,294506.65422576526,-1.075344099723697,32310.0,-0.6019082698959917,-1.8504398826979471
632,294973.38426415797,-1.076006141706445,32310.0,-0.6003727896156448,-1.8533724340175957
633,295440.1143025506,-1.076666563001885,32310.0,-0.5988373093352978,-1.8563049853372438
634,295906.84434094327,-1.0773253689799527,32310.0,-0.5973018290549509,-1.8592375366568916
635,296373.5743793359,-1.0779825649899564,32310.0,-0.595766348774604,-1.8621700879765397
636,296840.30441772856,-1.078638156360654,32310.0,-0.5942308684942571,-1.8651026392961878
637,297307.0344561212,-1.079292148400331,32310.0,-0.5926953882139101,-1.868035190615836
638,297773.76449451386,-1.0799445463968773,32310.0,-0.5911599079335632,-1.870967741935484
639,298240.4945329065,-1.0805953556178647,32310.0,-0.5896244276532163,-1.8739002932551319
640,298707.22457129916,-1.0812445813106233,32310.0,-0.5880889473728694,-1.87683284457478
641,299173.9546096918,-1.0818922287023185,32310.0,-0.5865534670925225,-1.879765395894428
642,299640.6846480845,-1.0825383030000286,32310.0,-0.5850179868121755,-1.8826979472140766
643,300107.41468647716,-1.0831828093908191,32310.0,-0.5834825065318286,-1.8856304985337247
644,300574.1447248698,-1.083825753041821,32310.0,-0.5819470262514818,-1.8885630498533725
645,301040.87476326246,-1.084467139100306,32310.0,-0.5804115459711349,-1.8914956011730206
646,301507.6048016551,-1.0851069726937628,32310.0,-0.5788760656907879,-1.8944281524926687
647,301974.33484004776,-1.085745258929972,32310.0,-0.577340585410441,-1.8973607038123168
648,302441.0648784404,-1.086382002897083,32310.0,-0.5758051051300941,-1.900293255131965
649,302907.79491683305,-1.0870172096636879,32310.0,-0.5742696248497472,-1.9032258064516128
650,303374.5249552257,-1.0876508842788986,32310.0,-0.5727341445694002,-1.9061583577712609
651,303841.2549936184,-1.0882830317724197,32310.0,-0.5711986642890533,-1.9090909090909092
652,304307.98503201106,-1.0889136571546252,32310.0,-0.5696631840087063,-1.9120234604105573
653,304774.7150704037,-1.0895427654166319,32310.0,-0.5681277037283594,-1.9149560117302054
654,305241.44510879635,-1.0901703615303746,32310.0,-0.5665922234480125,-1.9178885630498532
655,305708.175147189,-1.0907964504486802,32310.0,-0.5650567431676656,-1.9208211143695015
656,306174.90518558165,-1.091421037105342,32310.0,-0.5635212628873187,-1.9237536656891496
657,306641.6352239743,-1.0920441264151928,32310.0,-0.5619857826069719,-1.9266862170087977
658,307108.36526236695,-1.0926657232741799,32310.0,-0.560450302326625,-1.9296187683284458
659,307575.0953007596,-1.0932858325594377,32310.0,-0.5589148220462781,-1.9325513196480937
660,308041.82533915224,-1.0939044591293614,32310.0,-0.557379341765931,-1.9354838709677418
661,308508.55537754495,-1.0945216078236801,32310.0,-0.5558438614855841,-1.93841642228739
662,308975.2854159376,-1.0951372834635293,32310.0,-0.5543083812052372,-1.9413489736070382
663,309442.01545433025,-1.0957514908515251,32310.0,-0.5527729009248903,-1.9442815249266863
664,309908.7454927229,-1.0963642347718348,32310.0,-0.5512374206445434,-1.9472140762463341
665,310375.47553111555,-1.0969755199902504,32310.0,-0.5497019403641965,-1.9501466275659822
666,310842.2055695082,-1.0975853512542608,32310.0,-0.5481664600838496,-1.9530791788856303
667,311308.93560790084,-1.0981937332931238,32310.0,-0.5466309798035027,-1.9560117302052784
668,311775.6656462935,-1.0988006708179365,32310.0,-0.5450954995231556,-1.9589442815249267
669,312242.39568468614,-1.099406168521709,32310.0,-0.5435600192428087,-1.9618768328445748
670,312709.1257230788,-1.1000102310794342,32310.0,-0.5420245389624618,-1.9648093841642227
671,313175.8557614715,-1.1006128631481593,32310.0,-0.5404890586821149,-1.967741935483871
672,313642.58579986414,-1.1012140693670571,32310.0,-0.538953578401768,-1.970674486803519
673,314109.3158382568,-1.1018138543574962,32310.0,-0.5374180981214212,-1.9736070381231672
674,314576.04587664944,-1.1024122227231123,32310.0,-0.5358826178410743,-1.9765395894428153
675,315042.7759150421,-1.1030091790498768,32310.0,-0.5343471375607274,-1.9794721407624631
676,315509.50595343474,-1.1036047279061694,32310.0,-0.5328116572803803,-1.9824046920821112
677,315976.2359918274,-1.104198873842846,32310.0,-0.5312761770000334,-1.9853372434017593
678,316442.96603022004,-1.104791621393309,32310.0,-0.5297406967196865,-1.9882697947214074
679,316909.6960686127,-1.105382975073577,32310.0,-0.5282052164393396,-1.9912023460410555
680,317376.42610700533,-1.1059729393823543,32310.0,-0.5266697361589927,-1.9941348973607034
681,317843.15614539804,-1.1065615188010982,32310.0,-0.5251342558786458,-1.997067448680352
682,318309.8861837907,-1.1071487177940904,32310.0,-0.5235987755982989,-2.0
683,318776.61622218334,-1.107734540808504,32310.0,-0.522063295317952,-2.002932551319648
684,319243.346260576,-1.1083189922744718,32310.0,-0.5205278150376051,-2.005865102639296
685,319710.07629896863,-1.1089020766051554,32310.0,-0.518992334757258,-2.0087976539589443
686,320176.8063373613,-1.1094837981968129,32310.0,-0.5174568544769111,-2.0117302052785924
687,320643.53637575393,-1.1100641614288655,32310.0,-0.5159213741965643,-2.01466275659824
688,321110.2664141466,-1.1106431706639672,32310.0,-0.5143858939162174,-2.017595307917888
689,321576.9964525392,-1.11122083024807,32310.0,-0.5128504136358705,-2.020527859237536
690,322043.72649093193,-1.1117971445104926,32310.0,-0.5113149333555236,-2.0234604105571847
691,322510.4565293246,-1.1123721177639856,32310.0,-0.5097794530751767,-2.026392961876833
692,322977.18656771723,-1.1129457543048005,32310.0,-0.5082439727948298,-2.029325513196481
693,323443.9166061099,-1.1135180584127538,32310.0,-0.5067084925144827,-2.032258064516129
694,323910.6466445025,-1.1140890343512944,32310.0,-0.5051730122341358,-2.035190615835777
695,324377.37668289524,-1.11465868636757,32310.0,-0.5036375319537889,-2.0381231671554256
696,324844.1067212879,-1.1152270186924922,32310.0,-0.502102051673442,-2.0410557184750737
697,325310.83675968053,-1.1157940355408014,32310.0,-0.5005665713930951,-2.043988269794722
698,325777.5667980732,-1.116359741111134,32310.0,-0.49903109111274824,-2.0469208211143695
699,326244.2968364658,-1.1169241395860858,32310.0,-0.49749561083240135,-2.049853372434017
700,326711.0268748585,-1.1174872351322789,32310.0,-0.49596013055205446,-2.0527859237536656
701,327177.7569132511,-1.118049031900423,32310.0,-0.49442465027170734,-2.0557184750733137
702,327644.4869516438,-1.118609534025384,32310.0,-0.49288916999136045,-2.058651026392962
703,328111.2169900364,-1.1191687456262456,32310.0,-0.49135368971101356,-2.06158357771261
704,328577.9470284291,-1.1197266708063731,32310.0,-0.4898182094306667,-2.064516129032258
705,329044.6770668218,-1.1202833136534796,32310.0,-0.4882827291503198,-2.0674486803519065
706,329511.4071052144,-1.120838678239687,32310.0,-0.4867472488699729,-2.0703812316715546
707,329978.1371436071,-1.121392768621591,32310.0,-0.485211768589626,-2.0733137829912027
708,330444.8671819997,-1.1219455888403236,32310.0,-0.4836762883092791,-2.0762463343108504
709,330911.5972203924,-1.122497142921616,32310.0,-0.482140808028932,-2.0791788856304985
710,331378.327258785,-1.1230474348758615,32310.0,-0.4806053277485851,-2.0821114369501466
711,331845.0572971777,-1.123596468698178,32310.0,-0.4790698474682382,-2.0850439882697946
712,332311.7873355703,-1.124144248368471,32310.0,-0.47753436718789133,-2.0879765395894427
713,332778.51737396297,-1.124690777851493,32310.0,-0.47599888690754444,-2.090909090909091
714,333245.2474123556,-1.125236061096909,32310.0,-0.47446340662719755,-2.093841642228739
715,333711.9774507483,-1.1257801020393554,32310.0,-0.47292792634685066,-2.096774193548387
716,334178.7074891409,-1.1263229045985022,32310.0,-0.47139244606650377,-2.099706744868035
717,334645.4375275336,-1.126864472679115,32310.0,-0.46985696578615666,-2.1026392961876836
718,335112.16756592627,-1.1274048101711143,32310.0,-0.46832148550580976,-2.1055718475073317
719,335578.8976043189,-1.1279439209496376,32310.0,-0.4667860052254629,-2.1085043988269794
720,336045.62764271157,-1.1284818088750992,32310.0,-0.465250524945116,-2.1114369501466275
721,336512.3576811042,-1.1290184777932506,32310.0,-0.4637150446647691,-2.1143695014662756
722,336979.08771949686,-1.1295539315352414,32310.0,-0.4621795643844222,-2.1173020527859236
723,337445.8177578895,-1.1300881739176771,32310.0,-0.4606440841040753,-2.1202346041055717
724,337912.54779628216,-1.1306212087426812,32310.0,-0.4591086038237284,-2.12316715542522
725,338379.2778346748,-1.1311530397979528,32310.0,-0.4575731235433813,-2.126099706744868
726,338846.00787306746,-1.1316836708568263,32310.0,-0.4560376432630344,-2.129032258064516
727,339312.73791146016,-1.1322131056783309,32310.0,-0.45450216298268753,-2.1319648093841645
728,339779.4679498528,-1.1327413480072483,32310.0,-0.45296668270234064,-2.1348973607038126
729,340246.19798824546,-1.1332684015741727,32310.0,-0.45143120242199375,-2.1378299120234603
730,340712.9280266381,-1.1337942700955674,32310.0,-0.44989572214164686,-2.1407624633431084
731,341179.65806503076,-1.134318957273824,32310.0,-0.44836024186129997,-2.1436950146627565
732,341646.3881034234,-1.13484246679732,32310.0,-0.4468247615809531,-2.1466275659824046
733,342113.11814181606,-1.1353648023404768,32310.0,-0.4452892813006062,-2.1495601173020527
734,342579.8481802087,-1.1358859675638162,32310.0,-0.4437538010202591,-2.1524926686217007
735,343046.57821860135,-1.1364059661140185,32310.0,-0.4422183207399122,-2.155425219941349
736,343513.308256994,-1.1369248016239792,32310.0,-0.4406828404595653,-2.158357771260997
737,343980.0382953867,-1.1374424777128656,32310.0,-0.4391473601792184,-2.1612903225806455
738,344446.76833377936,-1.1379589979861737,32310.0,-0.4376118798988715,-2.1642228739002936
739,344913.498372172,-1.1384743660357846,32310.0,-0.4360763996185246,-2.167155425219941
740,345380.22841056465,-1.13898858544002,32310.0,-0.43454091933817773,-2.1700879765395893
741,345846.9584489573,-1.1395016597636989,32310.0,-0.43300543905783084,-2.1730205278592374
742,346313.68848734995,-1.140013592558193,32310.0,-0.43146995877748373,-2.1759530791788855
743,346780.4185257426,-1.1405243873614814,32310.0,-0.42993447849713684,-2.1788856304985336
744,347247.14856413525,-1.1410340476982082,32310.0,-0.42839899821678995,-2.1818181818181817
745,347713.8786025279,-1.1415425770797343,32310.0,-0.42686351793644306,-2.1847507331378297
746,348180.60864092055,-1.142049979004195,32310.0,-0.42532803765609617,-2.187683284457478
747,348647.33867931325,-1.1425562569565533,32310.0,-0.4237925573757493,-2.1906158357771264
748,349114.0687177059,-1.1430614144086546,32310.0,-0.4222570770954024,-2.1935483870967745
749,349580.79875609855,-1.1435654548192808,32310.0,-0.4207215968150555,-2.1964809384164226
750,350047.5287944912,-1.1440683816342048,32310.0,-0.4191861165347084,-2.19941348973607
751,350514.25883288385,-1.1445701982862435,32310.0,-0.4176506362543615,-2.2023460410557183
752,350980.9888712765,-1.1450709081953117,32310.0,-0.4161151559740146,-2.2052785923753664
753,351447.71890966914,-1.1455705147684763,32310.0,-0.4145796756936677,-2.2082111436950145
754,351914.4489480618,-1.146069021400008,32310.0,-0.4130441954133208,-2.2111436950146626
755,352381.17898645444,-1.1465664314714352,32310.0,-0.41150871513297393,-2.2140762463343107
756,352847.9090248472,-1.1470627483515965,32310.0,-0.40997323485262704,-2.217008797653959
757,353314.63906323985,-1.147557975396693,32310.0,-0.40843775457228015,-2.2199413489736073
758,353781.3691016325,-1.1480521159503412,32310.0,-0.40690227429193304,-2.2228739002932554
759,354248.09914002515,-1.1485451733436247,32310.0,-0.40536679401158615,-2.2258064516129035
760,354714.82917841774,-1.1490371508951458,32310.0,-0.40383131373123926,-2.228739002932551
761,355181.5592168104,-1.149528051911078,32310.0,-0.40229583345089237,-2.231671554252199
762,355648.28925520304,-1.1500178796852167,32310.0,-0.4007603531705455,-2.2346041055718473
763,356115.0192935957,-1.1505066374990314,32310.0,-0.3992248728901986,-2.2375366568914954
764,356581.74933198834,-1.1509943286217155,32310.0,-0.3976893926098517,-2.2404692082111435
765,357048.479370381,-1.151480956310238,32310.0,-0.3961539123295048,-2.2434017595307916
766,357515.20940877375,-1.1519665238093943,32310.0,-0.3946184320491577,-2.24633431085044
767,357981.9394471664,-1.1524510343518568,32310.0,-0.3930829517688108,-2.249266862170088
768,358448.66948555905,-1.1529344911582242,32310.0,-0.3915474714884639,-2.2521994134897363
769,358915.3995239517,-1.1534168974370718,32310.0,-0.390011991208117,-2.2551319648093844
770,359382.12956234434,-1.1538982563850029,32310.0,-0.38847651092777014,-2.258064516129032
771,359848.859600737,-1.1543785711866958,32310.0,-0.38694103064742325,-2.26099706744868
772,360315.58963912964,-1.1548578450149563,32310.0,-0.38540555036707635,-2.263929618768328
773,360782.31967752223,-1.1553360810307636,32310.0,-0.38387007008672946,-2.2668621700879763
774,361249.0497159149,-1.1558132823833227,32310.0,-0.3823345898063826,-2.2697947214076244
775,361715.7797543075,-1.1562894522101106,32310.0,-0.38079910952603546,-2.2727272727272725
776,362182.5097927003,-1.1567645936369266,32310.0,-0.37926362924568857,-2.275659824046921
777,362649.23983109294,-1.1572387097779397,32310.0,-0.3777281489653417,-2.278592375366569
778,363115.9698694856,-1.1577118037357377,32310.0,-0.3761926686849948,-2.281524926686217
779,363582.69990787824,-1.1581838786013747,32310.0,-0.3746571884046479,-2.2844574780058653
780,364049.4299462709,-1.1586549374544193,32310.0,-0.373121708124301,-2.2873900293255134
781,364516.15998466354,-1.1591249833630017,32310.0,-0.3715862278439541,-2.290322580645161
782,364982.8900230562,-1.159594019383862,32310.0,-0.37005074756360723,-2.293255131964809
783,365449.62006144883,-1.160062048562397,32310.0,-0.3685152672832601,-2.296187683284457
784,365916.3500998415,-1.1605290739327068,32310.0,-0.3669797870029132,-2.2991202346041053
785,366383.08013823413,-1.1609950985176427,32310.0,-0.36544430672256634,-2.3020527859237534
786,366849.81017662684,-1.1614601253288537,32310.0,-0.36390882644221945,-2.304985337243402
787,367316.5402150195,-1.1619241573668317,32310.0,-0.36237334616187256,-2.30791788856305
788,367783.27025341213,-1.1623871976209594,32310.0,-0.36083786588152567,-2.310850439882698
789,368250.0002918048,-1.1628492490695561,32310.0,-0.3593023856011788,-2.313782991202346
790,368716.73033019743,-1.1633103146799226,32310.0,-0.3577669053208319,-2.3167155425219943
791,369183.4603685901,-1.1637703974083882,32310.0,-0.3562314250404848,-2.319648093841642
792,369650.1904069827,-1.164229500200355,32310.0,-0.3546959447601379,-2.32258064516129
793,370116.9204453754,-1.164687625990345,32310.0,-0.353160464479791,-2.325513196480938
794,370583.650483768,-1.1651447777020432,32310.0,-0.3516249841994441,-2.328445747800586
795,371050.38052216073,-1.1656009582483442,32310.0,-0.3500895039190972,-2.3313782991202348
796,371517.1105605534,-1.1660561705313957,32310.0,-0.3485540236387503,-2.334310850439883
797,371983.84059894603,-1.1665104174426444,32310.0,-0.34701854335840343,-2.337243401759531
798,372450.5706373387,-1.1669637018628791,32310.0,-0.34548306307805654,-2.340175953079179
799,372917.3006757313,-1.1674160266622766,32310.0,-0.34394758279770943,-2.343108504398827
800,373384.030714124,-1.1678673947004434,32310.0,-0.34241210251736254,-2.346041055718475
801,373850.7607525166,-1.1683178088264616,32310.0,-0.34087662223701565,-2.348973607038123
802,374317.4907909093,-1.1687672718789321,32310.0,-0.33934114195666876,-2.351906158357771
803,374784.2208293019,-1.1692157866860171,32310.0,-0.33780566167632187,-2.354838709677419
804,375250.95086769457,-1.1696633560654843,32310.0,-0.336270181395975,-2.357771260997067
805,375717.6809060873,-1.1701099828247503,32310.0,-0.3347347011156281,-2.3607038123167157
806,376184.4109444799,-1.1705556697609225,32310.0,-0.3331992208352812,-2.3636363636363638
807,376651.1409828726,-1.1710004196608426,32310.0,-0.3316637405549341,-2.366568914956012
808,377117.8710212652,-1.1714442353011292,32310.0,-0.3301282602745872,-2.36950146627566
809,377584.60105965787,-1.1718871194482194,32310.0,-0.3285927799942403,-2.372434017595308
810,378051.3310980505,-1.1723290748584125,32310.0,-0.3270572997138934,-2.375366568914956
811,378518.06113644317,-1.1727701042779106,32310.0,-0.3255218194335465,-2.378299120234604
812,378984.7911748358,-1.1732102104428608,32310.0,-0.32398633915319963,-2.381231671554252
813,379451.52121322847,-1.1736493960793972,32310.0,-0.32245085887285274,-2.3841642228739
814,379918.2512516211,-1.1740876639036828,32310.0,-0.32091537859250585,-2.387096774193548
815,380384.9812900138,-1.1745250166219494,32310.0,-0.31937989831215896,-2.3900293255131966
816,380851.71132840647,-1.1749614569305407,32310.0,-0.31784441803181185,-2.3929618768328447
817,381318.4413667991,-1.1753969875159513,32310.0,-0.31630893775146496,-2.3958944281524928
818,381785.17140519177,-1.1758316110548686,32310.0,-0.31477345747111807,-2.398826979472141
819,382251.9014435844,-1.1762653302142139,32310.0,-0.3132379771907712,-2.401759530791789
820,382718.63148197706,-1.1766981476511815,32310.0,-0.3117024969104243,-2.404692082111437
821,383185.3615203697,-1.17713006601328,32310.0,-0.3101670166300774,-2.407624633431085
822,383652.09155876236,-1.177561087938372,32310.0,-0.3086315363497305,-2.4105571847507328
823,384118.821597155,-1.177991216054714,32310.0,-0.3070960560693836,-2.413489736070381
824,384585.55163554766,-1.1784204529809967,32310.0,-0.3055605757890365,-2.416422287390029
825,385052.28167394036,-1.178848801326384,32310.0,-0.3040250955086896,-2.4193548387096775
826,385519.011712333,-1.1792762636905523,32310.0,-0.3024896152283427,-2.4222873900293256
827,385985.74175072566,-1.1797028426637304,32310.0,-0.30095413494799583,-2.4252199413489737
828,386452.4717891183,-1.1801285408267383,32310.0,-0.29941865466764894,-2.4281524926686218
829,386919.20182751096,-1.1805533607510263,32310.0,-0.29788317438730205,-2.43108504398827
830,387385.9318659036,-1.1809773049987127,32310.0,-0.29634769410695516,-2.434017595307918
831,387852.66190429626,-1.181400376122624,32310.0,-0.29481221382660827,-2.436950146627566
832,388319.3919426889,-1.1818225766663324,32310.0,-0.29327673354626116,-2.4398826979472137
833,388786.12198108155,-1.1822439091641939,32310.0,-0.29174125326591427,-2.4428152492668618
834,389252.85201947426,-1.182664376141387,32310.0,-0.2902057729855674,-2.4457478005865103
835,389719.5820578669,-1.1830839801139503,32310.0,-0.2886702927052205,-2.4486803519061584
836,390186.31209625956,-1.1835027235888202,32310.0,-0.2871348124248736,-2.4516129032258065
837,390653.0421346522,-1.1839206090638685,32310.0,-0.2855993321445267,-2.4545454545454546
838,391119.77217304485,-1.18433763902794,32310.0,-0.2840638518641798,-2.4574780058651027
839,391586.5022114375,-1.18475381596089,32310.0,-0.2825283715838329,-2.4604105571847508
840,392053.23224983015,-1.1851691423336204,32310.0,-0.2809928913034858,-2.463343108504399
841,392519.9622882228,-1.1855836206081178,32310.0,-0.2794574110231389,-2.466275659824047
842,392986.69232661545,-1.1859972532374905,32310.0,-0.27792193074279203,-2.4692082111436946
843,393453.4223650081,-1.1864100426660031,32310.0,-0.27638645046244514,-2.4721407624633427
844,393920.1524034008,-1.1868219913291156,32310.0,-0.27485097018209825,-2.4750733137829912
845,394386.88244179345,-1.1872331016535178,32310.0,-0.27331548990175136,-2.4780058651026393
846,394853.6124801861,-1.1876433760571665,32310.0,-0.2717800096214045,-2.4809384164222874
847,395320.34251857875,-1.1880528169493212,32310.0,-0.2702445293410576,-2.4838709677419355
848,395787.0725569714,-1.1884614267305795,32310.0,-0.26870904906071047,-2.4868035190615836
849,396253.80259536405,-1.1888692077929135,32310.0,-0.2671735687803636,-2.4897360703812317
850,396720.5326337567,-1.1892761625197055,32310.0,-0.2656380885000167,-2.4926686217008798
851,397187.26267214934,-1.189682293285782,32310.0,-0.2641026082196698,-2.495601173020528
852,397653.992710542,-1.1900876024574503,32310.0,-0.2625671279393229,-2.498533724340176
853,398120.72274893464,-1.1904920923925335,32310.0,-0.261031647658976,-2.5014662756598236
854,398587.45278732735,-1.1908957654404049,32310.0,-0.25949616737862913,-2.504398826979472
855,399054.18282572,-1.191298623942022,32310.0,-0.25796068709828224,-2.5073313782991202
856,399520.91286411264,-1.1917006702299637,32310.0,-0.25642520681793535,-2.5102639296187683
857,399987.6429025053,-1.1921019066284617,32310.0,-0.25488972653758823,-2.5131964809384164
858,400454.37294089794,-1.192502335453437,32310.0,-0.25335424625724134,-2.5161290322580645
859,400921.1029792906,-1.1929019590125334,32310.0,-0.25181876597689445,-2.5190615835777126
860,401387.83301768324,-1.193300779605151,32310.0,-0.25028328569654756,-2.5219941348973607
861,401854.5630560759,-1.1936987995224806,32310.0,-0.24874780541620067,-2.5249266862170088
862,402321.29309446854,-1.1940960210475375,32310.0,-0.24721232513585378,-2.527859237536657
863,402788.0231328612,-1.1944924464551954,32310.0,-0.2456768448555069,-2.5307917888563045
864,403254.7531712539,-1.1948880780122184,32310.0,-0.24414136457516,-2.533724340175953
865,403721.48320964654,-1.1952829179772961,32310.0,-0.2426058842948129,-2.536656891495601
866,404188.2132480392,-1.195676968601075,32310.0,-0.241070404014466,-2.5395894428152492
867,404654.94328643184,-1.1960702321261936,32310.0,-0.2395349237341191,-2.5425219941348973
868,405121.6733248245,-1.1964627107873127,32310.0,-0.23799944345377222,-2.5454545454545454
869,405588.40336321713,-1.1968544068111506,32310.0,-0.23646396317342533,-2.5483870967741935
870,406055.1334016098,-1.1972453224165138,32310.0,-0.23492848289307844,-2.5513196480938416
871,406521.86344000243,-1.1976354598143304,32310.0,-0.23339300261273155,-2.5542521994134897
872,406988.5934783951,-1.1980248212076825,32310.0,-0.23185752233238466,-2.557184750733138
873,407455.3235167878,-1.1984134087918372,32310.0,-0.23032204205203755,-2.5601173020527863
874,407922.05355518044,-1.1988012247542796,32310.0,-0.22878656177169066,-2.563049853372434
875,408388.7835935731,-1.199188271274745,32310.0,-0.22725108149134376,-2.565982404692082
876,408855.51363196573,-1.1995745505252495,32310.0,-0.22571560121099687,-2.56891495601173
877,409322.2436703584,-1.1999600646701223,32310.0,-0.22418012093064998,-2.5718475073313782
878,409788.97370875103,-1.200344815866037,32310.0,-0.2226446406503031,-2.5747800586510263
879,410255.7037471437,-1.2007288062620425,32310.0,-0.2211091603699562,-2.5777126099706744
880,410722.4337855363,-1.2011120379995952,32310.0,-0.2195736800896093,-2.5806451612903225
881,411189.163823929,-1.2014945132125892,32310.0,-0.2180381998092622,-2.5835777126099706
882,411655.8938623216,-1.2018762340273867,32310.0,-0.2165027195289153,-2.5865102639296187
883,412122.62390071433,-1.2022572025628508,32310.0,-0.21496723924856842,-2.5894428152492672
884,412589.353939107,-1.2026374209303732,32310.0,-0.21343175896822153,-2.592375366568915
885,413056.0839774996,-1.2030168912339074,32310.0,-0.21189627868787464,-2.595307917888563
886,413522.8140158923,-1.2033956155699976,32310.0,-0.21036079840752775,-2.598240469208211
887,413989.5440542849,-1.203773596027809,32310.0,-0.20882531812718086,-2.601173020527859
888,414456.2740926776,-1.2041508346891585,32310.0,-0.20728983784683397,-2.6041055718475072
889,414923.0041310702,-1.2045273336285438,32310.0,-0.20575435756648686,-2.6070381231671553
890,415389.73416946287,-1.2049030949131745,32310.0,-0.20421887728613997,-2.6099706744868034
891,415856.4642078555,-1.205278120603,32310.0,-0.20268339700579308,-2.6129032258064515
892,416323.19424624817,-1.205652412750741,32310.0,-0.20114791672544619,-2.6158357771260996
893,416789.92428464093,-1.2060259734019179,32310.0,-0.1996124364450993,-2.618768328445748
894,417256.6543230336,-1.2063988045948792,32310.0,-0.1980769561647524,-2.621700879765396
895,417723.38436142623,-1.2067709083608331,32310.0,-0.19654147588440551,-2.624633431085044
896,418190.1143998188,-1.2071422867238744,32310.0,-0.19500599560405862,-2.627565982404692
897,418656.84443821147,-1.2075129417010142,32310.0,-0.19347051532371173,-2.63049853372434
898,419123.5744766041,-1.207882875302209,32310.0,-0.19193503504336462,-2.633431085043988
899,419590.30451499677,-1.208252089530389,32310.0,-0.19039955476301773,-2.6363636363636362
900,420057.0345533894,-1.208620586381486,32310.0,-0.18886407448267084,-2.6392961876832843
901,420523.76459178206,-1.208988367844464,32310.0,-0.18732859420232395,-2.6422287390029324
902,420990.4946301747,-1.209355435901344,32310.0,-0.18579311392197706,-2.6451612903225805
903,421457.2246685675,-1.2097217925272359,32310.0,-0.18425763364163017,-2.648093841642229
904,421923.9547069601,-1.2100874396903638,32310.0,-0.18272215336128328,-2.651026392961877
905,422390.6847453528,-1.2104523793520956,32310.0,-0.1811866730809364,-2.653958944281525
906,422857.4147837454,-1.2108166134669696,32310.0,-0.17965119280058928,-2.656891495601173
907,423324.14482213807,-1.2111801439827228,32310.0,-0.1781157125202424,-2.659824046920821
908,423790.8748605307,-1.2115429728403186,32310.0,-0.1765802322398955,-2.662756598240469
909,424257.6048989233,-1.2119051019739742,32310.0,-0.1750447519595486,-2.665689149560117
910,424724.33493731596,-1.2122665333111868,32310.0,-0.17350927167920172,-2.6686217008797652
911,425191.0649757086,-1.2126272687727626,32310.0,-0.17197379139885483,-2.6715542521994133
912,425657.7950141014,-1.212987310272843,32310.0,-0.17043831111850793,-2.674486803519062
913,426124.525052494,-1.2133466597189304,32310.0,-0.16890283083816104,-2.67741935483871
914,426591.25509088667,-1.2137053190119176,32310.0,-0.16736735055781393,-2.680351906158358
915,427057.9851292793,-1.2140632900461121,32310.0,-0.16583187027746704,-2.6832844574780057
916,427524.71516767197,-1.214420574709264,32310.0,-0.16429638999712015,-2.686217008797654
917,427991.4452060646,-1.2147771748825924,32310.0,-0.16276090971677326,-2.689149560117302
918,428458.17524445726,-1.215133092440811,32310.0,-0.16122542943642637,-2.69208211143695
919,428924.9052828499,-1.2154883292521552,32310.0,-0.15968994915607948,-2.695014662756598
920,429391.63532124256,-1.2158428871784082,32310.0,-0.1581544688757326,-2.697947214076246
921,429858.3653596352,-1.2161967680749257,32310.0,-0.1566189885953857,-2.7008797653958942
922,430325.0953980279,-1.2165499737906642,32310.0,-0.1550835083150386,-2.703812316715543
923,430791.82543642056,-1.2169025061682042,32310.0,-0.1535480280346917,-2.706744868035191
924,431258.5554748132,-1.2172543670437779,32310.0,-0.1520125477543448,-2.709677419354839
925,431725.28551320586,-1.2176055582472938,32310.0,-0.15047706747399792,-2.7126099706744866
926,432192.0155515985,-1.2179560816023616,32310.0,-0.14894158719365103,-2.7155425219941347
927,432658.74558999116,-1.2183059389263196,32310.0,-0.14740610691330414,-2.718475073313783
928,433125.4756283838,-1.2186551320302572,32310.0,-0.14587062663295725,-2.721407624633431
929,433592.20566677646,-1.2190036627190421,32310.0,-0.14433514635261036,-2.724340175953079
930,434058.9357051691,-1.219351532791345,32310.0,-0.14279966607226324,-2.727272727272727
931,434525.66574356175,-1.219698744039663,32310.0,-0.14126418579191635,-2.730205278592375
932,434992.39578195446,-1.2200452982503462,32310.0,-0.13972870551156946,-2.7331378299120237
933,435459.1258203471,-1.2203911972036217,32310.0,-0.13819322523122257,-2.736070381231672
934,435925.85585873976,-1.2207364426736178,32310.0,-0.13665774495087568,-2.73900293255132
935,436392.5858971324,-1.221081036428389,32310.0,-0.1351222646705288,-2.741935483870968
936,436859.31593552505,-1.22142498022994,32310.0,-0.1335867843901819,-2.7448680351906156
937,437326.0459739177,-1.22176827583425,32310.0,-0.132051304109835,-2.7478005865102637
938,437792.77601231035,-1.2221109249912976,32310.0,-0.1305158238294879,-2.750733137829912
939,438259.506050703,-1.2224529294450832,32310.0,-0.128980343549141,-2.75366568914956
940,438726.23608909565,-1.2227942909336542,32310.0,-0.12744486326879412,-2.756598240469208
941,439192.9661274883,-1.2231350111891288,32310.0,-0.12590938298844723,-2.759530791788856
942,439659.696165881,-1.2234750919377193,32310.0,-0.12437390270810034,-2.7624633431085046
943,440126.42620427365,-1.2238145348997556,32310.0,-0.12283842242775345,-2.7653958944281527
944,440593.1562426663,-1.224153341789709,32310.0,-0.12130294214740656,-2.768328445747801
945,441059.88628105895,-1.224491514316216,32310.0,-0.11976746186705967,-2.771260997067449
946,441526.6163194516,-1.2248290541821003,32310.0,-0.11823198158671278,-2.7741935483870965
947,441993.34635784425,-1.2251659630843978,32310.0,-0.11669650130636566,-2.7771260997067446
948,442460.0763962369,-1.2255022427143778,32310.0,-0.11516102102601877,-2.7800586510263927
949,442926.80643462954,-1.2258378947575679,32310.0,-0.11362554074567188,-2.782991202346041
950,443393.5364730222,-1.2261729208937748,32310.0,-0.11209006046532499,-2.785923753665689
951,443860.2665114149,-1.2265073227971095,32310.0,-0.1105545801849781,-2.7888563049853374
952,444326.99654980755,-1.2268411021360075,32310.0,-0.10901909990463121,-2.7917888563049855
953,444793.7265882002,-1.2271742605732539,32310.0,-0.10748361962428432,-2.7947214076246336
954,445260.45662659284,-1.2275067997660032,32310.0,-0.10594813934393743,-2.7976539589442817
955,445727.1866649855,-1.227838721365804,32310.0,-0.10441265906359032,-2.80058651026393
956,446193.91670337814,-1.2281700270186204,32310.0,-0.10287717878324343,-2.8035190615835774
957,446660.6467417708,-1.2285007183648542,32310.0,-0.10134169850289654,-2.8064516129032255
958,447127.37678016344,-1.2288307970393664,32310.0,-0.09980621822254965,-2.8093841642228736
959,447594.1068185561,-1.2291602646715003,32310.0,-0.09827073794220276,-2.8123167155425217
960,448060.83685694874,-1.229489122885103,32310.0,-0.09673525766185587,-2.81524926686217
961,448527.56689534144,-1.2298173732985473,32310.0,-0.09519977738150898,-2.8181818181818183
962,448994.2969337341,-1.2301450175247521,32310.0,-0.09366429710116209,-2.8211143695014664
963,449461.02697212674,-1.230472057171207,32310.0,-0.09212881682081497,-2.8240469208211145
964,449927.7570105194,-1.2307984938399898,32310.0,-0.09059333654046808,-2.8269794721407626
965,450394.48704891204,-1.2311243291277925,32310.0,-0.0890578562601212,-2.8299120234604107
966,450861.2170873047,-1.2314495646259385,32310.0,-0.0875223759797743,-2.832844574780059
967,451327.94712569733,-1.231774201920406,32310.0,-0.08598689569942741,-2.8357771260997064
968,451794.67716409,-1.2320982425918494,32310.0,-0.08445141541908052,-2.8387096774193545
969,452261.40720248263,-1.2324216882156191,32310.0,-0.08291593513873363,-2.8416422287390026
970,452728.1372408753,-1.2327445403617834,32310.0,-0.08138045485838674,-2.8445747800586507
971,453194.867279268,-1.2330668005951484,32310.0,-0.07984497457803963,-2.8475073313782993
972,453661.59731766063,-1.2333884704752804,32310.0,-0.07830949429769274,-2.8504398826979473
973,454128.3273560533,-1.233709551556525,32310.0,-0.07677401401734585,-2.8533724340175954
974,454595.05739444593,-1.2340300453880284,32310.0,-0.07523853373699896,-2.8563049853372435
975,455061.7874328386,-1.234349953513758,32310.0,-0.07370305345665207,-2.8592375366568916
976,455528.51747123123,-1.234669277472523,32310.0,-0.07216757317630518,-2.8621700879765397
977,455995.2475096239,-1.2349880187979931,32310.0,-0.07063209289595829,-2.8651026392961874
978,456461.9775480165,-1.2353061790187219,32310.0,-0.0690966126156114,-2.8680351906158355
979,456928.7075864092,-1.2356237596581634,32310.0,-0.06756113233526428,-2.8709677419354835
980,457395.4376248018,-1.235940762234695,32310.0,-0.0660256520549174,-2.8739002932551316
981,457862.16766319453,-1.2362571882616358,32310.0,-0.0644901717745705,-2.87683284457478
982,458328.8977015872,-1.2365730392472671,32310.0,-0.06295469149422361,-2.8797653958944283
983,458795.6277399798,-1.2368883166948526,32310.0,-0.06141921121387672,-2.8826979472140764
984,459262.3577783725,-1.2372030221026569,32310.0,-0.05988373093352983,-2.8856304985337244
985,459729.0878167651,-1.237517156963966,32310.0,-0.05834825065318294,-2.8885630498533725
986,460195.8178551578,-1.2378307227671073,32310.0,-0.05681277037283605,-2.8914956011730206
987,460662.5478935504,-1.2381437209954678,32310.0,-0.05527729009248916,-2.8944281524926683
988,461129.27793194307,-1.2384561531275144,32310.0,-0.05374180981214205,-2.8973607038123164
989,461596.0079703357,-1.238768020636813,32310.0,-0.05220632953179516,-2.9002932551319645
990,462062.7380087284,-1.2390793249920473,32310.0,-0.05067084925144827,-2.903225806451613
991,462529.4680471211,-1.2393900676570386,32310.0,-0.04913536897110138,-2.906158357771261
992,462996.1980855137,-1.2397002500907646,32310.0,-0.04759988869075449,-2.909090909090909
993,463462.9281239064,-1.2400098737473775,32310.0,-0.0460644084104076,-2.9120234604105573
994,463929.658162299,-1.2403189400762245,32310.0,-0.04452892813006071,-2.9149560117302054
995,464396.38820069167,-1.2406274505218648,32310.0,-0.04299344784971382,-2.9178885630498534
996,464863.1182390843,-1.2409354065240903,32310.0,-0.041457967569366705,-2.9208211143695015
997,465329.84827747697,-1.2412428095179422,32310.0,-0.039922487289019815,-2.9237536656891496
998,465796.5783158696,-1.2415496609337306,32310.0,-0.038387007008672924,-2.9266862170087973
999,466263.30835426226,-1.2418559621970533,32310.0,-0.036851526728326034,-2.9296187683284454
1000,466730.03839265497,-1.2421617147288135,32310.0,-0.035316046447979144,-2.932551319648094
1001,467196.7684310476,-1.2424669199452378,32310.0,-0.03378056616763225,-2.935483870967742
1002,467663.49846944027,-1.242771579257896,32310.0,-0.03224508588728536,-2.93841642228739
1003,468130.2285078329,-1.2430756940737169,32310.0,-0.030709605606938473,-2.941348973607038
1004,468596.95854622556,-1.2433792657950087,32310.0,-0.02917412532659136,-2.9442815249266863
1005,469063.6885846182,-1.2436822958194753,32310.0,-0.02763864504624447,-2.9472140762463344
1006,469530.41862301086,-1.243984785540235,32310.0,-0.02610316476589758,-2.9501466275659824
1007,469997.1486614035,-1.2442867363458385,32310.0,-0.02456768448555069,-2.9530791788856305
1008,470463.87869979616,-1.2445881496202857,32310.0,-0.0230322042052038,-2.956011730205278
1009,470930.6087381888,-1.2448890267430446,32310.0,-0.02149672392485691,-2.9589442815249263
1010,471397.3387765815,-1.2451893690890679,32310.0,-0.01996124364451002,-2.961876832844575
1011,471864.06881497416,-1.2454891780288107,32310.0,-0.018425763364163128,-2.964809384164223
1012,472330.7988533668,-1.2457884549282485,32310.0,-0.016890283083816016,-2.967741935483871
1013,472797.52889175946,-1.2460872011488944,32310.0,-0.015354802803469125,-2.970674486803519
1014,473264.2589301521,-1.2463854180478158,32310.0,-0.013819322523122235,-2.973607038123167
1015,473730.98896854476,-1.246683106977652,32310.0,-0.012283842242775345,-2.9765395894428153
1016,474197.7190069374,-1.2469802692866316,32310.0,-0.010748361962428454,-2.9794721407624634
1017,474664.44904533005,-1.2472769063185891,32310.0,-0.009212881682081564,-2.9824046920821115
1018,475131.1790837227,-1.2475730194129828,32310.0,-0.007677401401734674,-2.985337243401759
1019,475597.90912211535,-1.2478686099049099,32310.0,-0.006141921121387783,-2.988269794721407
1020,476064.63916050806,-1.2481636791251256,32310.0,-0.004606440841040671,-2.9912023460410557
1021,476531.3691989007,-1.2484582284000578,32310.0,-0.0030709605606937806,-2.994134897360704
1022,476998.09923729335,-1.2487522590518254,32310.0,-0.0015354802803468903,-2.997067448680352
1023,477464.829275686,-1.2490457723982544,32310.0,0.0,-3.0
