,Tempo,Mensagem_Estimada,Mensagem
0,0.0,3.005192811526524e-09,1.0
1,0.001001001001001001,3.5543224370792545e-08,0.9980227772604111
2,0.002002002002002002,2.1133213987392574e-07,0.9920989278611685
3,0.003003003003003003,8.551255404219932e-07,0.9822518773417481
4,0.004004004004004004,2.6822352013765193e-06,0.9685205653265598
5,0.005005005005005005,7.017098902955123e-06,0.9509592915403253
6,0.006006006006006006,1.6032794395691675e-05,0.9296375010827771
7,0.007007007007007007,3.299549900808732e-05,0.9046395098117981
8,0.008008008008008008,6.25006317863821e-05,0.8760641709209582
9,0.009009009009009009,0.00011068929226284446,0.8440244840299503
10,0.01001001001001001,0.00018543594231101886,0.808647148333755
11,0.011011011011011011,0.00029650013272049816,0.7700720615775812
12,0.012012012012012012,0.00045563664696144854,0.7284517668388609
13,0.013013013013013013,0.0006766603382746525,0.6839508493039657
14,0.014014014014014014,0.0009754630590280173,0.6367452854250606
15,0.015015015015015015,0.0013699815615739203,0.5870217470308187
16,0.016016016016016016,0.0018801164250193294,0.5349768631428518
17,0.017017017017017015,0.002527602888149297,0.480816442416965
18,0.018018018018018018,0.0033358356511526397,0.42475465928404793
19,0.01901901901901902,0.004329650250675337,0.3670132070089654
20,0.02002002002002002,0.005535064368557472,0.30782042101662777
21,0.02102102102102102,0.006978983076970027,0.24741037595200252
22,0.022022022022022022,0.00868887226958698,0.18602196004469201
23,0.023023023023023025,0.010692405113859946,0.123897930438455
24,0.024024024024024024,0.013017086493202604,0.06128395322131638
25,0.025025025025025023,0.015689860580676507,-0.001572368047584414
26,0.026026026026026026,0.018736706939980065,-0.06442247147276806
27,0.02702702702702703,0.02218223038585803,-0.12701781974687876
28,0.028028028028028028,0.026049249954469018,-0.18911088297791617
29,0.029029029029029027,0.030358392221378996,-0.25045611753269825
30,0.03003003003003003,0.035127693942310925,-0.310810937025771
31,0.031031031031031032,0.04037221899192844,-0.36993667161404314
32,0.03203203203203203,0.04610369416224914,-0.42759951180366895
33,0.03303303303303303,0.05233016816275607,-0.4835714330369443
34,0.03403403403403403,0.05905569794566352,-0.5376310974029868
35,0.035035035035035036,0.0662800659279871,-0.5895647289064395
36,0.036036036036036036,0.07399853154468611,-0.6391669588329847
37,0.037037037037037035,0.0822016200473204,-0.6862416378687335
38,0.03803803803803804,0.0908749510269418,-0.7306026117619886
39,0.03903903903903904,0.09999910892844878,-0.7720744574600862
40,0.04004004004004004,0.10954955711920643,-0.8104931768102921
41,0.04104104104104104,0.11949659689356164,-0.8457068450815559
42,0.04204204204204204,0.12980537228861178,-0.8775762117425776
43,0.043043043043043044,0.14043592104343863,-0.9059752511204399
44,0.044044044044044044,0.15134327190985705,-0.930791660762262
45,0.04504504504504504,0.1624775877860893,-0.9519273055291264
46,0.04604604604604605,0.17378435398769776,-0.9692986056661356
47,0.04704704704704705,0.18520461056777554,-0.9828368673139948
48,0.04804804804804805,0.19667522703915516,-0.992488554155135
49,0.04904904904904905,0.20812921786049035,-0.9982154991201608
50,0.050050050050050046,0.21949609637798811,-0.9999950553174459
51,0.05105105105105105,0.23070226482292794,-0.9978201855890307
52,0.05205205205205205,0.2416714377252299,-0.9916994903386808
53,0.05305305305305305,0.2523250955989556,-0.9816571735220582
54,0.05405405405405406,0.26258296591106395,-0.9677329469334989
55,0.055055055055055056,0.2723635278147691,-0.949981873167887
56,0.056056056056056056,0.2815845371190927,-0.9284741478786258
57,0.057057057057057055,0.2901635679155719,-0.9032948221927524
58,0.058058058058058054,0.29801856688288025,-0.8745434663808944
59,0.05905905905905906,0.3050684165763447,-0.8423337761120617
60,0.06006006006006006,0.3112335036661961,-0.8067931228503245
61,0.06106106106106106,0.31643628815572866,-0.7680620501712998
62,0.062062062062062065,0.3206018697468638,-0.7262937179902472
63,0.06306306306306306,0.3236585472526331,-0.6816532968995332
64,0.06406406406406406,0.3255383673353331,-0.634317315010528
65,0.06506506506506507,0.32617765871310034,-0.5844729598828149
66,0.06606606606606606,0.3255175481012507,-0.5323173383011922
67,0.06706706706706707,0.32350445445139525,-0.4780566968276358
68,0.06806806806806806,0.32009055792420954,-0.42190560621052026
69,0.06906906906906907,0.3152342404518916,-0.3640861128762842
70,0.07007007007007007,0.30890049481359894,-0.30482686085895305
71,0.07107107107107107,0.3010612992962404,-0.2443621876397672
72,0.07207207207207207,0.2916959554254114,-0.18293119747238726
73,0.07307307307307308,0.280791386257193,-0.1207768158581612
74,0.07407407407407407,0.26834239312470487,-0.05814482891047624
75,0.07507507507507508,0.2543518689795069,0.004717088593032201
76,0.07607607607607608,0.2388309666081345,0.06756035262687816
77,0.07707707707707707,0.22179922047679299,0.1301364529297071
78,0.07807807807807808,0.2032846210758861,0.19219793572457283
79,0.07907907907907907,0.18332364096674966,0.25349938226140434
80,0.08008008008008008,0.16196121211823247,0.31379837931207877
81,0.08108108108108109,0.1392506542199588,0.3728564777803084
82,0.08208208208208208,0.11525355413331113,0.4304401356355976
83,0.08308308308308308,0.09003959684383245,0.4863216414424667
84,0.08408408408408408,0.06368634849111084,0.5402800148329067
85,0.08508508508508508,0.036278992526592,0.5921018803612005
86,0.08608608608608609,0.007910020083045328,0.6415823112854881
87,0.08708708708708708,-0.021321123940397237,0.6885256399393918
88,0.08808808808808809,-0.05130843731985467,0.7327462314891398
89,0.0890890890890891,-0.08193979765390944,0.774069218016391
90,0.09009009009009009,-0.11309743788619599,0.8123311900238854
91,0.09109109109109109,-0.1446584579200687,0.8473808426293961
92,0.0920920920920921,-0.17649536972214397,0.879079573892629
93,0.09309309309309309,-0.20847667303950088,0.9073020329090443
94,0.0940940940940941,-0.24046745895342955,0.9319366155031737
95,0.09509509509509509,-0.2723300380019261,0.9528859055612465
96,0.0960960960960961,-0.3039245897321811,0.9700670602579007
97,0.0970970970970971,-0.33510983035745856,0.9834121376536188
98,0.0980980980980981,-0.3657436949325839,0.9928683653674237
99,0.0990990990990991,-0.39568403071457486,0.998398349262383
100,0.10010010010010009,-0.42478929795017895,0.9999802213186832
101,0.1011011011011011,-0.4529192745327664,0.9976077261095226
102,0.1021021021021021,-0.47993576093396145,0.9912902455378554
103,0.1031031031031031,-0.5057032815915086,0.9810527617361683
104,0.1041041041041041,-0.530089779316035,0.9669357582759984
105,0.10510510510510511,-0.5529672989583055,0.9489950600778587
106,0.1061061061061061,-0.5742126568296229,0.9273016126546324
107,0.10710710710710711,-0.5937080924806754,0.9019412015614098
108,0.10810810810810811,-0.6113418992739157,0.8730141131611882
109,0.1091091091091091,-0.6270090306542913,0.8406347380479183
110,0.11011011011011011,-0.6406116788312776,0.8049311186951347
111,0.1111111111111111,-0.6520598228574477,0.7660444431189787
112,0.11211211211211211,-0.6612717433353446,0.7241284865578805
113,0.11311311311311312,-0.6681745008774855,0.6793490033767697
114,0.11411411411411411,-0.6727043759522897,0.6318830716004724
115,0.11511511511511512,-0.6748072676978342,0.5819183926683149
116,0.11611611611611611,-0.6744390495456767,0.5296525491790214
117,0.11711711711711711,-0.6715658798482731,0.4752922235610904
118,0.11811811811811812,-0.666164465661912,0.4190523807584099
119,0.11911911911911911,-0.6582222783286246,0.3611554181631015
120,0.12012012012012012,-0.647737719588616,0.3018302861571574
121,0.12112112112112113,-0.6347202371701356,0.2413115827406394
122,0.12212212212212212,-0.6191903892210003,0.17983862582668034
123,0.12312312312312312,-0.6011798569650545,0.11765450687183855
124,0.12412412412412413,-0.580731405389094,0.05500512958419341
125,0.12512512512512514,-0.5578987919780788,-0.007861762489468422
126,0.12612612612612611,-0.5327466236581764,-0.07069756565199363
127,0.12712712712712712,-0.5053501625464534,-0.1332537991456392
128,0.12812812812812813,-0.4757950811757973,-0.1952830877556692
129,0.12912912912912913,-0.44417716817124997,-0.25654014004216474
130,0.13013013013013014,-0.4106019856649791,-0.31678271833164295
131,0.13113113113113112,-0.3751844797843733,-0.37577259663273127
132,0.13213213213213212,-0.3380485459642869,-0.4332765026878681
133,0.13313313313313313,-0.29932655094134086,-0.4890670404357169
134,0.13413413413413414,-0.2591588134480531,-0.5429235892364999
135,0.13513513513513514,-0.21769304600108574,-0.594633176304286
136,0.13613613613613612,-0.1750837601203486,-0.6439913188962668
137,0.13713713713713713,-0.13149163766853234,-0.69080283292861
138,0.13813813813813813,-0.0870828711292914,-0.7348826048212753
139,0.13913913913913914,-0.042028475636961445,-0.7760563235195788
140,0.14014014014014015,0.003496424025070574,-0.8141611697977529
141,0.14114114114114115,0.04931332840111408,-0.8490464601186982
142,0.14214214214214213,0.09524111700307894,-0.8805742425038144
143,0.14314314314314314,0.141096817166552,-0.908619842056582
144,0.14414414414414414,0.1866963848467758,-0.9330723539826369
145,0.14514514514514515,0.23185549368499164,-0.9538350821567402
146,0.14614614614614616,0.2763903289265303,-0.9708259215023276
147,0.14714714714714713,0.3201183826363277,-0.9839776826715613
148,0.14814814814814814,0.36285924653003176,-0.9932383577419429
149,0.14914914914914915,0.40443539905803383,-0.9985713258788059
150,0.15015015015015015,0.44467298303360614,-0.999955498150411
151,0.15115115115115116,0.48340257041348256,-0.9973854009229761
152,0.15215215215215216,0.5204599108341812,-0.9908711975058637
153,0.15315315315315314,0.5556866603985794,-0.9804386479613271
154,0.15415415415415415,0.5889310876427812,-0.9661290072377483
155,0.15515515515515516,0.6200487533448126,-0.9479988620291956
156,0.15615615615615616,0.6489031611882667,-0.926119907006426
157,0.15715715715715717,0.6753663764174618,-0.9005786613042182
158,0.15815815815815815,0.6993196095383739,-0.8714761263861728
159,0.15915915915915915,0.7206537626276909,-0.8389273866399275
160,0.16016016016016016,0.7392699356438922,-0.8030611542822255
161,0.16116116116116116,0.7550798904838828,-0.76401926037347
162,0.16216216216216217,0.7680064707662371,-0.7219560939545248
163,0.16316316316316315,0.7779839752703047,-0.6770379915236776
164,0.16416416416416416,0.7849584834901179,-0.6294425792680167
165,0.16516516516516516,0.788888131706272,-0.5793580706503675
166,0.16616616616616617,0.7897433382895116,-0.5269825221294097
167,0.16716716716716717,0.7875069772765367,-0.4725230499562115
168,0.16816816816816815,0.7821744992375737,-0.4161950111443084
169,0.16916916916916916,0.7737539989536623,-0.3582211518521277
170,0.17017017017017017,0.7622662294805511,-0.2988307265454612
171,0.17117117117117117,0.7477445624137478,-0.23825859142316594
172,0.17217217217217218,0.7302348945527017,-0.17674427569114207
173,0.17317317317317318,0.7097955011690715,-0.1145310343571408
174,0.17417417417417416,0.6864968365016947,-0.051864886292102175
175,0.17517517517517517,0.6604212822660663,0.0110063586380641
176,0.17617617617617617,0.6316628451040288,0.07383407952307187
177,0.17717717717717718,0.6003268043022748,0.1363698275661004
178,0.1781781781781782,0.5665293111378378,0.19836630856101387
179,0.17917917917917917,0.5303969415045053,0.25957836080381363
180,0.18018018018018017,0.49206620372767274,0.31976392457124386
181,0.18118118118118118,0.4516830034963022,0.3786849993327492
182,0.18218218218218218,0.40940206822487996,0.43610858491061066
183,0.1831831831831832,0.36538633320351854,0.4918076028664418
184,0.1841841841841842,0.3198062920393441,0.5455617944704925
185,0.18518518518518517,0.2728393142088602,0.5971585917027857
186,0.18618618618618618,0.22466893244020952,0.6463939578417692
187,0.1871871871871872,0.17548410297420536,0.6930731943163961
188,0.1881881881881882,0.1254784418064519,0.7370117106310208
189,0.1891891891891892,0.0748494399932686,0.7780357543184394
190,0.19019019019019018,0.02379766145310484,0.8159830980345537
191,0.19119119119119118,-0.027474073520218644,0.850703681077561
192,0.1921921921921922,-0.07876151557027032,0.8820602027948112
193,0.1931931931931932,-0.1298598209001291,0.9099286655307568
194,0.1941941941941942,-0.1805643898690034,0.93419886496892
195,0.19519519519519518,-0.2306717058799116,0.9547748259288534
196,0.1961961961961962,-0.2799801711856508,0.9715751818947599
197,0.1971971971971972,-0.32829093610007715,0.9845334967749417
198,0.1981981981981982,-0.3754087180522711,0.9935985276197029
199,0.1991991991991992,-0.42114260724684605,0.9987344272588006
200,0.20020020020020018,-0.46530685537757244,0.9999208860571255
201,0.2012012012012012,-0.507721644218103,0.9971532122280464
202,0.2022022022022022,-0.5482138308904213,0.9904423503868246
203,0.2032032032032032,-0.5866176665715647,0.9798148382707293
204,0.2042042042042042,-0.6227754858365836,0.9653127017970031
205,0.20520520520520522,-0.6565383635805944,0.9469932888736634
206,0.2062062062062062,-0.6877667368687533,0.9249290426203257
207,0.2072072072072072,-0.7163309891573489,0.8992072148958373
208,0.2082082082082082,-0.7421119943008664,0.86992952126556
209,0.2092092092092092,-0.7650016182662056,0.8372117387727108
210,0.21021021021021022,-0.7849031763034874,0.8011832481043573
211,0.2112112112112112,-0.8017318437180327,0.7619865219625456
212,0.2122122122122122,-0.81541501858974,0.7197765616637637
213,0.2132132132132132,-0.8258926347698052,0.6747202841946938
214,0.21421421421421422,-0.8331174240107576,0.6269958621480792
215,0.21521521521521522,-0.8370551260117558,0.5767920191489301
216,0.21621621621621623,-0.8376846455056772,0.5243072835572317
217,0.2172172172172172,-0.834998155803561,0.46974920339837195
218,0.2182182182182182,-0.8290011482062744,0.4133335256257846
219,0.21921921921921922,-0.8197124271882225,0.35528334296139374
220,0.22022022022022023,-0.8071640512867848,0.2958282116876021
221,0.22122122122122123,-0.7914012198898762,0.2352032438794891
222,0.2222222222222222,-0.7724821064629406,0.17364817766693244
223,0.22322322322322322,-0.7504776387587101,0.11140642920322985
224,0.22422422422422422,-0.7254712269695116,0.04872413008921322
225,0.22522522522522523,-0.6975584409092979,-0.014150845940761584
226,0.22622622622622623,-0.6668466374581968,-0.07696986322197939
227,0.2272272272272272,-0.6334545398785743,-0.13948450737554435
228,0.22822822822822822,-0.5975117706177075,-0.20144756764950453
229,0.22922922922922923,-0.5591583395105669,-0.26261401450028177
230,0.23023023023023023,-0.5185440895087918,-0.3227419685486496
231,0.23123123123123124,-0.47582810207810244,-0.3815936570785477
232,0.23223223223223222,-0.4311780647752792,-0.43893635429632866
233,0.23323323323323322,-0.3847696035222203,-0.4945433016322174
234,0.23423423423423423,-0.33678558224700333,-0.5481946044447089
235,0.23523523523523523,-0.28741537283868057,-0.5996781015819445
236,0.23623623623623624,-0.2368540982455153,-0.6487902043614173
237,0.23723723723723725,-0.18530185187444118,-0.6953367016503184
238,0.23823823823823823,-0.13296289645287432,-0.7391335278628707
239,0.23923923923923923,-0.08004484550667906,-0.7800074908376571
240,0.24024024024024024,-0.026757830922510228,-0.8177969567165769
241,0.24124124124124124,0.026686340177980643,-0.8523524891171236
242,0.24224224224224225,0.08007503576675937,-0.8835374400704151
243,0.24324324324324323,0.1331956529574998,-0.911228490388135
244,0.24424424424424424,0.1858364724552753,-0.9353161373215425
245,0.24524524524524524,0.23778750976761434,-0.9557051275841167
246,0.24624624624624625,0.28884135987930565,-0.972314834025489
247,0.24724724724724725,0.3387940319285052,-0.9850795744671116
248,0.24824824824824826,0.3874457704298884,-0.9939488714388521
249,0.24924924924924924,0.4346018598975182,-0.9988876517893978
250,0.2502502502502503,0.4800734094198083,-0.9998763853811183
251,0.25125125125125125,0.5236781141512853,-0.996911162320932
252,0.25225225225225223,0.5652409906281347,-0.9900037084217641
253,0.25325325325325326,0.6045950828282797,-0.9791813388334579
254,0.25425425425425424,0.6415821363151015,-0.9644868500265072
255,0.2552552552552553,0.6760532375532433,-0.945978350555742
256,0.25625625625625625,0.707869415927496,-0.9237290312732233
257,0.25725725725725723,0.7369022060494875,-0.8978268758989997
258,0.25825825825825827,0.7630341679541032,-0.868374313094293
259,0.25925925925925924,0.7861593632769618,-0.8354878114129365
260,0.2602602602602603,0.8061837853258225,-0.7992974187328299
261,0.26126126126126126,0.8230257413886425,-0.7599462479886991
262,0.26226226226226224,0.8366161857804044,-0.7175899112397892
263,0.26326326326326327,0.8468990021481879,-0.6723959043104736
264,0.26426426426426425,0.8538312340675427,-0.6245429444371396
265,0.2652652652652653,0.8573832628725807,-0.5742202635406239
266,0.26626626626626626,0.8575389320371164,-0.5216268599188977
267,0.26726726726726724,0.8542956176740346,-0.46697071131915063
268,0.2682682682682683,0.8476642447335545,-0.4104679525011128
269,0.26926926926926925,0.8376692489700533,-0.3523420205439661
270,0.2702702702702703,0.8243484847515069,-0.29282277127655165
271,0.27127127127127126,0.8077530790682429,-0.23214557032506236
272,0.27227227227227224,0.7879472324147492,-0.1705503623724935
273,0.2732732732732733,0.7650079672237962,-0.10828072231046157
274,0.27427427427427425,0.7390248249504514,-0.045582892035614
275,0.2752752752752753,0.7100995130012873,0.017295193300578743
276,0.27627627627627627,0.6783455028657043,0.08010488573780541
277,0.2772772772772773,0.643887581161414,0.14259780777177322
278,0.2782782782782783,0.6068613553001032,0.20452683454945028
279,0.27927927927927926,0.5674127157879079,0.2656470711108728
280,0.2802802802802803,0.5256972573559933,0.32571682081289094
281,0.28128128128128127,0.4818796611398992,0.3844985411053467
282,0.2822822822822823,0.4361330404871559,0.4417597828801845
283,0.2832832832832833,0.3886382529527296,0.4972741096787228
284,0.28428428428428426,0.3395831812123592,0.5508219931223332
285,0.2852852852852853,0.2891619858694833,0.6021916810254092
286,0.2862862862862863,0.2375743330126343,0.6511800347578558
287,0.2872872872872873,0.18502459971409668,0.6975933325457234
288,0.2882882882882883,0.1317210606260187,0.7412480355333986
289,0.28928928928928926,0.07787505884743691,0.7819715135780119
290,0.2902902902902903,0.02370016452247162,0.8196027279059107
291,0.2912912912912913,-0.030588675621157992,0.8539928679317204
292,0.2922922922922923,-0.08477599430719264,0.8850059397216873
293,0.2932932932932933,-0.13864666188137934,0.9125193037742763
294,0.29429429429429427,-0.19198674331596186,0.9364241599913914
295,0.2952952952952953,-0.24458435044595342,0.9566259779224382
296,0.2962962962962963,-0.29623048619553,0.9730448705798235
297,0.2972972972972973,-0.34671987735761994,0.9856159103477082
298,0.2982982982982983,-0.39585179254792985,0.9942893857347129
299,0.29929929929929927,-0.4434308422310823,0.9990309979553043
300,0.3003003003003003,-0.4892677574303829,0.9998219965624732
301,0.3013013013013013,-0.5331801441688321,0.9966592535953531
302,0.3023023023023023,-0.5749932105926875,0.9895552759485717
303,0.3033033033033033,-0.6145404637920774,0.97853815591442
304,0.30430430430430433,-0.651664373722526,0.963651460093409
305,0.3053053053053053,-0.6862170013861022,0.9449540571125284
306,0.3063063063063063,-0.7180605889011201,0.9225198848324699
307,0.3073073073073073,-0.7470681091002095,0.8964376579643815
308,0.3083083083083083,-0.7731237723583044,0.866810517252394
309,0.30930930930930933,-0.7961234888170234,0.8337556216091506
310,0.3103103103103103,-0.8159752839901154,0.7974036848172997
311,0.3113113113113113,-0.8325996661937639,0.7578984586289415
312,0.3123123123123123,-0.8459299443622006,0.7153961643071821
313,0.3133133133133133,-0.8559124948621236,0.6700648748576596
314,0.31431431431431434,-0.862506976415742,0.6220838503929954
315,0.3153153153153153,-0.8656864921399297,0.5716428292584804
316,0.3163163163163163,-0.8654376981124018,0.5189412777220972
317,0.3173173173173173,-0.8617608580872933,0.46418760119606706
318,0.3183183183183183,-0.8546698440197622,0.4075983201089967
319,0.31931931931931934,-0.844192082540213,0.3493972136876509
320,0.3203203203203203,-0.8303684475042761,0.2898144350342007
321,0.3213213213213213,-0.8132530990528187,0.22908560099833242
322,0.32232232232232233,-0.7929132699030779,0.16745086044324817
323,0.3233233233233233,-0.7694289996072858,0.1051539445900997
324,0.32432432432432434,-0.7428928179358462,0.0424412031961492
325,0.3253253253253253,-0.7134093786155842,-0.020439369621911185
326,0.3263263263263263,-0.6810950448357246,-0.08323911606716941
327,0.32732732732732733,-0.6460774282701955,-0.14570969796621214
328,0.3283283283283283,-0.6084948833538458,-0.207604078808853
329,0.32932932932932935,-0.5684959588716285,-0.26867750064059626
330,0.3303303303303303,-0.5262388090729995,-0.3286884519445677
331,0.3313313313313313,-0.4818905665610801,-0.3873996226856891
332,0.33233233233233234,-0.4356266795606794,-0.4445788427402525
333,0.3333333333333333,-0.38763021613008625,-0.4999999999999972
334,0.33433433433433435,-0.3380911380744839,-0.5534439345201593
335,0.3353353353353353,-0.28720554753616473,-0.6046993051754738
336,0.3363363363363363,-0.2351749091242664,-0.653563425397178
337,0.33733733733733734,-0.18220525078774102,-0.6998430646859646
338,0.3383383383383383,-0.1285063465690021,-0.7433552127314698
339,0.33933933933933935,-0.07429088442305087,-0.7839278031165657
340,0.34034034034034033,-0.019773622546951662,-0.8214003937446236
341,0.34134134134134136,0.03482946258817356,-0.8556248012990472
342,0.34234234234234234,0.08930203301386125,-0.8864656872260978
343,0.3433433433433433,0.1434282474501545,-0.9138010929238527
344,0.34434434434434436,0.1969936176025348,-0.9375229220208271
345,0.34534534534534533,0.24978585899416317,-0.9575373678371908
346,0.34634634634634637,0.30159573312743343,-0.9737652843381669
347,0.34734734734734735,0.3522178775433927,-0.9861424991127116
348,0.3483483483483483,0.4014516204526379,-0.9946200671398147
349,0.34934934934934936,0.44910177685108965,-0.9991644643389177
350,0.35035035035035034,0.49497942276501716,-0.9997577201390606
351,0.35135135135135137,0.5389026447218656,-0.9963974885425265
352,0.35235235235235235,0.5806972614094082,-0.9890970574019614
353,0.3533533533533533,0.6201975145972511,-0.9778852958742857
354,0.35435435435435436,0.657246726749327,-0.9628065402591841
355,0.35535535535535534,0.6916979225208092,-0.9439204186736336
356,0.3563563563563564,0.7234144118245256,-0.9213016152557533
357,0.35735735735735735,0.752270332121312,-0.8950395748304684
358,0.35835835835835833,0.7781511476957631,-0.8652381492048103
359,0.35935935935935936,0.8009541041143231,-0.8320151864916135
360,0.36036036036036034,0.8205886358827806,-0.7955020650855917
361,0.3613613613613614,0.8369767258042885,-0.7558431741346113
362,0.36236236236236236,0.8500532146143503,-0.7131953425607115
363,0.36336336336336333,0.859766059560393,-0.6677272188886495
364,0.36436436436436437,0.8660765410686887,-0.6196186043345293
365,0.36536536536536535,0.8689594165327938,-0.569059741791687
366,0.3663663663663664,0.8684030206874169,-0.5162505635255286
367,0.36736736736736736,0.864409312205904,-0.46139990055231966
368,0.3683683683683684,0.8569938662242379,-0.40472465682827236
369,0.36936936936936937,0.8461858129647233,-0.3464489515147251
370,0.37037037037037035,0.8320277226041375,-0.28680323271109137
371,0.3713713713713714,0.8145754368647751,-0.22602336616044968
372,0.37237237237237236,0.7938978480640559,-0.16434970253130624
373,0.3733733733733734,0.7700766263879418,-0.10202612696398367
374,0.3743743743743744,0.7432058965751062,-0.039299094640133904
375,0.37537537537537535,0.7133918652518361,0.02358334381085485
376,0.3763763763763764,0.6807524003623449,0.08637252321452688
377,0.37737737737737737,0.6454165644558985,0.14882014718424805
378,0.3783783783783784,0.6075241035809524,0.2106792699957259
379,0.3793793793793794,0.5672248938708105,0.27170527312041265
380,0.38038038038038036,0.5246783480332822,0.33165683255613626
381,0.3813813813813814,0.4800527840119299,0.39029687312972655
382,0.38238238238238237,0.4335247584338474,0.44739350599782524
383,0.3833833833833834,0.3852783674050901,0.5027209456387206
384,0.3843843843843844,0.3355045174314755,0.5560604027088469
385,0.38538538538538536,0.28440016943190605,0.6072009492333287
386,0.3863863863863864,0.23216755871054454,0.6559403527091678
387,0.38738738738738737,0.17901339410052344,0.7020858758226206
388,0.3883883883883884,0.12514803939789684,0.7454550386184371
389,0.3893893893893894,0.0707846802842765,0.7858763401068538
390,0.39039039039039036,0.016138480168480858,0.8231899364549446
391,0.3913913913913914,-0.03857427187059302,0.8572482730803165
392,0.3923923923923924,-0.09313701754382488,0.8879166681476713
393,0.3933933933933934,-0.14733378684577433,0.9150738451607863
394,0.3943943943943944,-0.20095005327734747,0.9386124125437885
395,0.39539539539539537,-0.25377358324025934,0.9584392883153081
396,0.3963963963963964,-0.30559527641885814,0.9744760681760829
397,0.3973973973973974,-0.35620999371208456,0.9866593355544918
398,0.3983983983983984,-0.40541736942848833,0.9949409123839288
399,0.3993993993993994,-0.4530226046566735,0.99928804962034
400,0.40040040040040037,-0.4988372384761509,0.9996835567465339
401,0.4014014014014014,-0.5426798941355082,0.9961258697511431
402,0.4024024024024024,-0.5843769971560364,0.988629057313423
403,0.4034034034034034,-0.6237634624782595,0.9772227651694259
404,0.4044044044044044,-0.66068334808469,0.961952098879555
405,0.40540540540540543,-0.6949904723122176,0.9428774454610842
406,0.4064064064064064,-0.7265489925750436,0.9200742345909912
407,0.4074074074074074,-0.755233943149626,0.8936326403234135
408,0.4084084084084084,-0.7809317298261854,0.8636572245012599
409,0.4094094094094094,-0.8035405796333898,0.8302665232721217
410,0.41041041041041043,-0.8229709436705053,0.7935925783435156
411,0.4114114114114114,-0.8391458515858868,0.7537804148311699
412,0.4124124124124124,-0.8520012162768393,0.7109874677651048
413,0.4134134134134134,-0.8614860875170667,0.6653829595213789
414,0.4144144144144144,-0.8675628536682359,0.6171472306414572
415,0.41541541541541543,-0.8702073905226146,0.5664710266853326
416,0.4164164164164164,-0.8694091567769399,0.5135547439386529
417,0.4174174174174174,-0.8651712357760621,0.4586076369564917
418,0.4184184184184184,-0.8575103232598608,0.4018469910776515
419,0.4194194194194194,-0.8464566613034094,0.34349726318162643
420,0.42042042042042044,-0.8320539186024608,0.28378919408609615
421,0.4214214214214214,-0.8143590176143316,0.22295889609497946
422,0.4224224224224224,-0.7934419092921929,0.16124691930515406
423,0.42342342342342343,-0.7693852961980147,0.09889730036425105
424,0.4244244244244244,-0.742284305199814,0.03615659744101975
425,0.42542542542542544,-0.7122461109945236,-0.02672708477550465
426,0.4264264264264264,-0.6793895119257399,-0.08950507619246341
427,0.4274274274274274,-0.6438444598622076,-0.15192912466551298
428,0.42842842842842843,-0.6057515458951519,-0.21375237769837357
429,0.4294294294294294,-0.5652614439583555,-0.2747303586075813
430,0.43043043043043044,-0.5225343145790249,-0.3346219332922004
431,0.4314314314314314,-0.47773917104281866,-0.39319026378547844
432,0.43243243243243246,-0.4310532105945361,-0.4502037448176733
433,0.43343343343343343,-0.38266111323111224,-0.505436919686465
434,0.4344344344344344,-0.332754310883454,-0.55867137181319
435,0.43543543543543545,-0.2815302299448115,-0.6096965884593054
436,0.4364364364364364,-0.22919151001810273,-0.6583107931875177
437,0.43743743743743746,-0.17594520210331913,-0.7043217437757158
438,0.43843843843843844,-0.1220019493277058,-0.7475474924283533
439,0.4394394394394394,-0.06757515343417685,-0.7878171052790847
440,0.44044044044044045,-0.012880130445012936,-0.8249713383394306
441,0.44144144144144143,0.04186674132059602,-0.8588632672204248
442,0.44244244244244246,0.09644887736921257,-0.8893588681371312
443,0.44344344344344344,0.15065034395301038,-0.9163375478983626
444,0.4444444444444444,0.2042567124674627,-0.939692620785907
445,0.44544544544544545,0.2570559077854912,-0.9593317304373701
446,0.44644644644644643,0.30883904735624274,-0.9751772150643715
447,0.44744744744744747,0.35940126762056385,-0.9871664145618659
448,0.44844844844844844,0.4085425344887089,-0.9952519182940989
449,0.4494494494494494,0.4560684347824975,-0.9994017525773913
450,0.45045045045045046,0.5017909453231467,-0.9995995071183217
451,0.45145145145145144,0.5455291768117618,-0.9958443999073396
452,0.45245245245245247,0.5871100894499306,-0.9881512803111796
453,0.45345345345345345,0.626369177454158,-0.97655057035185
454,0.4544544544544544,0.6631511198919897,-0.9610881444044034
455,0.45545545545545546,0.6973103950684761,-0.9418251477892255
456,0.45645645645645644,0.7287118562093791,-0.9188377549761966
457,0.4574574574574575,0.7572312660828168,-0.8922168683569042
458,0.45845845845845845,0.7827557884003488,-0.8620677587760917
459,0.45945945945945943,0.8051844342037784,-0.828509649243844
460,0.46046046046046046,0.8244284612846967,-0.7916752434746849
461,0.46146146146146144,0.8404117252041535,-0.7517102011179947
462,0.4624624624624625,0.8530709804795267,-0.7087725617548395
463,0.46346346346346345,0.862356130677988,-0.6630321199390876
464,0.46446446446446443,0.8682304265779951,-0.6146697537540957
465,0.46546546546546547,0.8706706114547764,-0.563876709540178
466,0.46646646646646645,0.8696670130189287,-0.5108538456214113
467,0.4674674674674675,0.8652235816413151,-0.4558108380223004
468,0.46846846846846846,0.8573578746246217,-0.3989653513154182
469,0.4694694694694695,0.8461009867213868,-0.3405421778786751
470,0.47047047047047047,0.8314974270550305,-0.2807723489661503
471,0.47147147147147145,0.8136049429808684,-0.2198922211075816
472,0.4724724724724725,0.7924942916229493,-0.15814254144934076
473,0.47347347347347346,0.7682489598901073,-0.0957674957330069
474,0.4744744744744745,0.7409648341909562,-0.033013742676112415
475,0.4754754754754755,0.7107498210886569,0.029870561426251278
476,0.47647647647647645,0.677723420387319,0.09263674402202599
477,0.4774774774774775,0.6420162524172252,0.15503659966419703
478,0.47847847847847846,0.6037695412848599,0.21682337152571543
479,0.4794794794794795,0.5631345562089117,0.2777527271859308
480,0.4804804804804805,0.5202720131449554,0.33758372482978966
481,0.48148148148148145,0.4753514389986625,0.3960797660391548
482,0.4824824824824825,0.4285505010538474,0.45300953140831257
483,0.48348348348348347,0.3800543041690232,0.5081478952839683
484,0.4844844844844845,0.33005465855810556,0.5612768160123646
485,0.4854854854854855,0.2787493211033132,0.6121861981731136
486,0.48648648648648646,0.22634121308177949,0.6606747233900792
487,0.4874874874874875,0.17303761753493715,0.7065506464339305
488,0.48848848848848847,0.11904935936998988,0.7496325534681811
489,0.4894894894894895,0.06458997142832032,0.789750079440325
490,0.4904904904904905,0.009874849924858913,0.8267445817811458
491,0.49149149149149146,-0.04487959756188566,0.8604697677481057
492,0.4924924924924925,-0.09945680803279874,0.8907922729320285
493,0.4934934934934935,-0.15364091962351786,0.9175921886393654
494,0.4944944944944945,-0.20721762543476926,0.9407635360646114
495,0.4954954954954955,-0.25997502111146065,0.960214685377689
496,0.4964964964964965,-0.3117044430054183,0.9758687180691358
497,0.4974974974974975,-0.36220129346192526,0.9876637311201432
498,0.4984984984984985,-0.41126585000479327,0.9955530817946743
499,0.4994994994994995,-0.45870405530704644,0.9995055720856215
500,0.5005005005005005,-0.5043282846442745,0.9995055720856215
501,0.5015015015015015,-0.5479580879914451,0.9955530817946745
502,0.5025025025025025,-0.5894209036982702,0.9876637311201435
503,0.5035035035035035,-0.6285527409300472,0.9758687180691363
504,0.5045045045045045,-0.665198828290949,0.9602146853776906
505,0.5055055055055055,-0.6992142258734148,0.940763536064611
506,0.5065065065065065,-0.730464398499586,0.9175921886393663
507,0.5075075075075075,-0.7588257477848311,0.8907922729320296
508,0.5085085085085085,-0.7841861008983848,0.8604697677481087
509,0.5095095095095095,-0.8064451542217835,0.8267445817811472
510,0.5105105105105106,-0.8255148699648509,0.7897500794403244
511,0.5115115115115115,-0.8413198243300702,0.7496325534681828
512,0.5125125125125125,-0.8537975057825459,0.7065506464339348
513,0.5135135135135135,-0.8628985621966179,0.6606747233900863
514,0.5145145145145145,-0.8685869960408099,0.6121861981731155
515,0.5155155155155156,-0.870840306666301,0.5612768160123637
516,0.5165165165165165,-0.869649579253287,0.5081478952839704
517,0.5175175175175175,-0.865019520041251,0.4530095314083179
518,0.5185185185185185,-0.8569684376298518,0.396079766039157
519,0.5195195195195195,-0.845528170556417,0.3375837248297953
520,0.5205205205205206,-0.8307439613113611,0.27775272718592975
521,0.5215215215215215,-0.8126742773533134,0.2168233715257213
522,0.5225225225225225,-0.7913905798559854,0.15503659966420297
523,0.5235235235235235,-0.7669770410087668,0.09263674402202841
524,0.5245245245245245,-0.7395302111024131,0.029870561426257276
525,0.5255255255255256,-0.7091586366404959,-0.03301374267611352
526,0.5265265265265265,-0.6759824309906749,-0.09576749573300093
527,0.5275275275275275,-0.6401327993428519,-0.15814254144934187
528,0.5285285285285285,-0.6017515197493543,-0.21989222110757575
529,0.5295295295295295,-0.5609903823844374,-0.2807723489661445
530,0.5305305305305306,-0.5180105892206462,-0.3405421778786728
531,0.5315315315315315,-0.4729821164395704,-0.3989653513154127
532,0.5325325325325325,-0.4260830422068466,-0.4558108380223014
533,0.5335335335335335,-0.37749884236399256,-0.5108538456214061
534,0.5345345345345345,-0.32742165687194347,-0.563876709540173
535,0.5355355355355356,-0.27604952994455995,-0.6146697537540909
536,0.5365365365365365,-0.22358562676533214,-0.6630321199390884
537,0.5375375375375375,-0.17023743002317154,-0.7087725617548377
538,0.5385385385385385,-0.11621591934543263,-0.7517102011179908
539,0.5395395395395395,-0.06173473688365828,-0.7916752434746812
540,0.5405405405405406,-0.007009342442528598,-0.8285096492438406
541,0.5415415415415415,0.0477438386634972,-0.8620677587760922
542,0.5425425425425425,0.10230827150007159,-0.8922168683569031
543,0.5435435435435435,0.15646816784892567,-0.9188377549761942
544,0.5445445445445445,0.2100093396322962,-0.9418251477892223
545,0.5455455455455456,0.2627200459156858,-0.9610881444044037
546,0.5465465465465466,0.3143918303262976,-0.9765505703518494
547,0.5475475475475475,0.36482034541617386,-0.9881512803111792
548,0.5485485485485485,0.4138061607719814,-0.9958443999073391
549,0.5495495495495496,0.46115555174059086,-0.9995995071183216
550,0.5505505505505506,0.5066812654846753,-0.9994017525773913
551,0.5515515515515516,0.5502032615384979,-0.9952519182940991
552,0.5525525525525525,0.5915494237872339,-0.9871664145618663
553,0.5535535535535535,0.6305562410884197,-0.9751772150643736
554,0.5545545545545546,0.6670694539385003,-0.9593317304373689
555,0.5555555555555556,0.7009446644447591,-0.9396926207859078
556,0.5565565565565566,0.7320479073839666,-0.9163375478983635
557,0.5575575575575575,0.7602561799665152,-0.8893588681371323
558,0.5585585585585585,0.7854579282142037,-0.8588632672204298
559,0.5595595595595596,0.8075534881435971,-0.8249713383394279
560,0.5605605605605606,0.8264554798292174,-0.7878171052790862
561,0.5615615615615616,0.8420891529573729,-0.7475474924283549
562,0.5625625625625625,0.8543926824180682,-0.70432174377572
563,0.5635635635635635,0.8633174127375313,-0.6583107931875196
564,0.5645645645645646,0.8688280505103737,-0.6096965884593045
565,0.5655655655655656,0.8709028039075274,-0.558671371813192
566,0.5665665665665666,0.8695334688370483,-0.5054369196864671
567,0.5675675675675675,0.8647254613764236,-0.45020374481767866
568,0.5685685685685685,0.8564977962899368,-0.3931902637854807
569,0.5695695695695696,0.8448830118408064,-0.3346219332921994
570,0.5705705705705706,0.8299270410656833,-0.27473035860758366
571,0.5715715715715716,0.8116890300967463,-0.21375237769837943
572,0.5725725725725725,0.7902411042590342,-0.1519291246655154
573,0.5735735735735735,0.7656680827847145,-0.08950507619246939
574,0.5745745745745746,0.7380671433854752,-0.02672708477550355
575,0.5755755755755756,0.7075474379245956,0.0361565974410173
576,0.5765765765765766,0.6742296607248403,0.09889730036424507
577,0.5775775775775776,0.6382455712781645,0.16124691930515164
578,0.5785785785785785,0.5997374731431095,0.2229588960949736
579,0.5795795795795796,0.5588576511822391,0.2837891940860972
580,0.5805805805805806,0.515767769332442,0.34349726318162077
581,0.5815815815815816,0.4706382312444263,0.4018469910776525
582,0.5825825825825826,0.42364750642349486,0.4586076369564895
583,0.5835835835835835,0.3749814244249629,0.5135547439386478
584,0.5845845845845846,0.3248324399580265,0.5664710266853336
585,0.5855855855855856,0.2733988718263599,0.6171472306414525
586,0.5865865865865866,0.22088411861252277,0.6653829595213798
587,0.5875875875875876,0.16749585434731212,0.7109874677651006
588,0.5885885885885885,0.11344520723296717,0.7537804148311659
589,0.5895895895895896,0.05894592469680869,0.793592578343514
590,0.5905905905905906,0.004213528151357704,0.8302665232721222
591,0.5915915915915916,-0.050535539346825434,0.8636572245012605
592,0.5925925925925926,-0.10508476900614512,0.8936326403234107
593,0.5935935935935935,-0.15921844249470588,0.9200742345909889
594,0.5945945945945946,-0.2127224850418626,0.9428774454610834
595,0.5955955955955956,-0.2653853119540687,0.9619520988795552
596,0.5965965965965966,-0.3169986653813459,0.9772227651694254
597,0.5975975975975976,-0.36735843785411015,0.9886290573134221
598,0.5985985985985985,-0.4162654794179965,0.9961258697511423
599,0.5995995995995996,-0.46352638521628975,0.9996835567465339
600,0.6006006006006006,-0.5089542602533613,0.99928804962034
601,0.6016016016016016,-0.5523694585150262,0.994940912383929
602,0.6026026026026026,-0.5936002933591443,0.9866593355544928
603,0.6036036036036035,-0.6324837164256715,0.974476068176085
604,0.6046046046046046,-0.668865962453169,0.9584392883153078
605,0.6056056056056056,-0.7026031572810025,0.9386124125437892
606,0.6066066066066066,-0.7335618868304973,0.9150738451607873
607,0.6076076076076076,-0.7616197246740167,0.8879166681476757
608,0.6086086086086087,-0.7866657161327505,0.8572482730803177
609,0.6096096096096096,-0.8086008170842449,0.823189936454944
610,0.6106106106106106,-0.8273382855708314,0.7858763401068554
611,0.6116116116116116,-0.8428040248367672,0.7454550386184386
612,0.6126126126126126,-0.8549368763328242,0.7020858758226274
613,0.6136136136136137,-0.8636888615224134,0.6559403527091643
614,0.6146146146146146,-0.8690253716434735,0.6072009492333306
615,0.6156156156156156,-0.8709253045154511,0.5560604027088489
616,0.6166166166166166,-0.8693811479889939,0.5027209456387258
617,0.6176176176176176,-0.8643990096501201,0.44739350599782746
618,0.6186186186186187,-0.8559985926199286,0.3902968731297223
619,0.6196196196196196,-0.8442131176613417,0.3316568325561386
620,0.6206206206206206,-0.8290891917685893,0.271705273120415
621,0.6216216216216216,-0.8106866238468688,0.21067926999573175
622,0.6226226226226226,-0.7890781882053206,0.14882014718425046
623,0.6236236236236237,-0.7643493367258933,0.08637252321452578
624,0.6246246246246246,-0.7365978609574846,0.0235833438108573
625,0.6256256256256256,-0.705933505379076,-0.03929909464012791
626,0.6266266266266266,-0.6724775333898917,-0.1020261269639777
627,0.6276276276276276,-0.6363622477907434,-0.16434970253130382
628,0.6286286286286287,-0.5977304675547246,-0.22602336616045074
629,0.6296296296296297,-0.5567349630534735,-0.28680323271108904
630,0.6306306306306306,-0.5135378519276932,-0.3464489515147195
631,0.6316316316316316,-0.46830995795788144,-0.40472465682827335
632,0.6326326326326326,-0.4212301355682388,-0.46139990055231433
633,0.6336336336336337,-0.3724845625196784,-0.5162505635255294
634,0.6346346346346347,-0.32226600366400304,-0.5690597417916821
635,0.6356356356356356,-0.2707730486773466,-0.6196186043345246
636,0.6366366366366366,-0.21820932669560478,-0.6677272188886477
637,0.6376376376376376,-0.16478270109636237,-0.7131953425607073
638,0.6386386386386387,-0.1107044474888445,-0.755843174134612
639,0.6396396396396397,-0.05618841820943053,-0.7955020650855881
640,0.6406406406406406,-0.0014501966833824083,-0.8320151864916142
641,0.6416416416416416,0.053293755144670475,-0.8652381492048072
642,0.6426426426426426,0.10782695277261806,-0.8950395748304657
643,0.6436436436436437,0.16193374522960693,-0.9213016152557537
644,0.6446446446446447,0.21540016789101019,-0.9439204186736316
645,0.6456456456456456,0.2680147885463513,-0.9628065402591844
646,0.6466466466466466,0.3195695435524244,-0.9778852958742845
647,0.6476476476476476,0.3698605605844371,-0.9890970574019605
648,0.6486486486486487,0.4186889648370308,-0.9963974885425263
649,0.6496496496496497,0.4658616655043598,-0.9997577201390606
650,0.6506506506506506,0.5111921192939555,-0.9991644643389178
651,0.6516516516516516,0.554501068152742,-0.9946200671398152
652,0.6526526526526526,0.595617248110837,-0.9861424991127126
653,0.6536536536536537,0.6343780665218687,-0.9737652843381674
654,0.6546546546546547,0.6706302450695795,-0.9575373678371905
655,0.6556556556556556,0.7042304258413514,-0.937522922020828
656,0.6566566566566566,0.7350457382706498,-0.9138010929238551
657,0.6576576576576576,0.7629543245495932,-0.8864656872261022
658,0.6586586586586587,0.7878458214844747,-0.8556248012990448
659,0.6596596596596597,0.8096217969628228,-0.8214003937446249
660,0.6606606606606606,0.8281961391425919,-0.7839278031165672
661,0.6616616616616616,0.8434953970054848,-0.7433552127314738
662,0.6626626626626626,0.8554590708059931,-0.6998430646859713
663,0.6636636636636637,0.8640398512817619,-0.6535634253971773
664,0.6646646646646647,0.869203806773016,-0.6046993051754757
665,0.6656656656656657,0.8709305173559369,-0.5534439345201613
666,0.6666666666666666,0.8692131556059512,-0.5000000000000056
667,0.6676676676676676,0.8640585135967425,-0.4445788427402547
668,0.6686686686686687,0.8554869760040736,-0.3873996226856914
669,0.6696696696696697,0.8435324395259918,-0.32868845194457
670,0.6706706706706707,0.8282421788052206,-0.26867750064059864
671,0.6716716716716716,0.8096766594820234,-0.20760407880886234
672,0.6726726726726726,0.7879092990963505,-0.14570969796621455
673,0.6736736736736737,0.763026176723748,-0.08323911606717185
674,0.6746746746746747,0.7351256926010339,-0.020439369621913634
675,0.6756756756756757,0.7043181789890242,0.042441203196143196
676,0.6766766766766766,0.6707254638518232,0.10515394459009726
677,0.6776776776776777,0.6344803891143955,0.16745086044324925
678,0.6786786786786787,0.5957262853103203,0.22908560099833003
679,0.6796796796796797,0.554616404798496,0.2898144350341983
680,0.6806806806806807,0.5113133157340316,0.3493972136876453
681,0.6816816816816816,0.4659882591694855,0.4075983201089945
682,0.6826826826826827,0.41882047191893057,0.464187601196068
683,0.6836836836836837,0.3699964777450812,0.5189412777220951
684,0.6846846846846847,0.3197093497588372,0.5716428292584755
685,0.6856856856856857,0.26815794693906697,0.6220838503929962
686,0.6866866866866866,0.21554612771250092,0.6700648748576552
687,0.6876876876876877,0.16208194383960972,0.7153961643071829
688,0.6886886886886887,0.10797681766250941,0.7578984586289398
689,0.6896896896896897,0.053444706032835645,0.7974036848172961
690,0.6906906906906907,-0.0012987457359969637,0.8337556216091512
691,0.6916916916916916,-0.05603705667703645,0.866810517252391
692,0.6926926926926927,-0.11055376619668891,0.8964376579643819
693,0.6936936936936937,-0.16463329006947872,0.9225198848324677
694,0.6946946946946947,-0.21806177297844914,0.9449540571125288
695,0.6956956956956957,-0.2706279341486802,0.9636514600934083
696,0.6966966966966966,-0.32212390289926,0.9785381559144187
697,0.6976976976976977,-0.37234604062232013,0.9895552759485718
698,0.6986986986986987,-0.42109574606354033,0.9966592535953527
699,0.6996996996996997,-0.46818024071252323,0.9998219965624732
700,0.7007007007007007,-0.5134133310811227,0.9990309979553045
701,0.7017017017017017,-0.5566161450474424,0.9942893857347135
702,0.7027027027027027,-0.5976178391661181,0.9856159103477087
703,0.7037037037037037,-0.6362562742518315,0.9730448705798233
704,0.7047047047047047,-0.6723786565878059,0.9566259779224379
705,0.7057057057057057,-0.7058421420836898,0.9364241599913935
706,0.7067067067067067,-0.7365144011904545,0.9125193037742787
707,0.7077077077077077,-0.7642741421681541,0.8850059397216884
708,0.7087087087087087,-0.7890115907105668,0.8539928679317198
709,0.7097097097097097,-0.8106289240817369,0.8196027279059122
710,0.7107107107107107,-0.8290406578969063,0.7819715135780156
711,0.7117117117117117,-0.8441739842012196,0.741248035533405
712,0.7127127127127127,-0.8559690593725375,0.6975933325457201
713,0.7137137137137137,-0.8643792407451922,0.651180034757855
714,0.7147147147147147,-0.8693712710945586,0.6021916810254111
715,0.7157157157157157,-0.8709254101052087,0.5508219931223381
716,0.7167167167167167,-0.8690355124547203,0.49727410967873115
717,0.7177177177177178,-0.8637090521141876,0.4417597828801803
718,0.7187187187187187,-0.8549670927628472,0.384498541105349
719,0.7197197197197197,-0.8428442045269413,0.32571682081289327
720,0.7207207207207207,-0.8273883272407103,0.26564707111088204
721,0.7217217217217217,-0.8086605808771659,0.20452683454945267
722,0.7227227227227228,-0.7867350238635025,0.14259780777176861
723,0.7237237237237237,-0.761698360188397,0.08010488573780786
724,0.7247247247247247,-0.7336495965622882,0.017295193300581192
725,0.7257257257257257,-0.7026996508829384,-0.04558289203560445
726,0.7267267267267267,-0.6689709136066855,-0.10828072231045913
727,0.7277277277277278,-0.6325967637841683,-0.17055036237249108
728,0.7287287287287287,-0.5937210415875273,-0.23214557032505997
729,0.7297297297297297,-0.5524974795189662,-0.29282277127654593
730,0.7307307307307307,-0.5090890944832639,-0.35234202054395714
731,0.7317317317317317,-0.463667543120965,-0.41046795250111057
732,0.7327327327327328,-0.41641244303291775,-0.46697071131914847
733,0.7337337337337337,-0.36751066246244674,-0.5216268599188956
734,0.7347347347347347,-0.31715558134059735,-0.5742202635406191
735,0.7357357357357357,-0.2655463265920879,-0.6245429444371378
736,0.7367367367367368,-0.21288698466024683,-0.6723959043104744
737,0.7377377377377378,-0.1593857944961414,-0.7175899112397875
738,0.7387387387387387,-0.10525432406442094,-0.7599462479886953
739,0.7397397397397397,-0.050706633703333205,-0.7992974187328263
740,0.7407407407407407,0.004041570333540951,-0.8354878114129352
741,0.7417417417417418,0.058773788924103336,-0.8683743130942936
742,0.7427427427427428,0.11327358617085155,-0.8978268758989986
743,0.7437437437437437,0.16732544530220717,-0.9237290312732209
744,0.7447447447447447,0.2207156209387303,-0.9459783505557423
745,0.7457457457457457,0.2732329842937336,-0.9644868500265061
746,0.7467467467467468,0.32466985812409727,-0.9791813388334581
747,0.7477477477477478,0.3748228379385425,-0.9900037084217636
748,0.7487487487487487,0.42349359635842027,-0.9969111623209316
749,0.7497497497497497,0.47048966741870896,-0.9998763853811183
750,0.7507507507507507,0.5156252076124698,-0.998887651789398
751,0.7517517517517518,0.5587217308528606,-0.9939488714388522
752,0.7527527527527528,0.5996088142511886,-0.985079574467112
753,0.7537537537537538,0.6381247720445604,-0.9723148340254887
754,0.7547547547547547,0.6741172950065174,-0.9557051275841175
755,0.7557557557557557,0.7074440526909799,-0.9353161373215446
756,0.7567567567567568,0.7379732563197313,-0.911228490388136
757,0.7577577577577578,0.7655841799065737,-0.883537440070417
758,0.7587587587587588,0.7901676376522137,-0.8523524891171239
759,0.7597597597597597,0.8116264157505851,-0.8177969567165794
760,0.7607607607607607,0.8298756567632837,-0.780007490837662
761,0.7617617617617618,0.8448431952240831,-0.7391335278628723
762,0.7627627627627628,0.8564698429967565,-0.6953367016503162
763,0.7637637637637638,0.8647096233136681,-0.6487902043614178
764,0.7647647647647647,0.8695299526260645,-0.5996781015819478
765,0.7657657657657657,0.8709117694089415,-0.5481946044447155
766,0.7667667667667668,0.8688496095663417,-0.49454330163222104
767,0.7677677677677678,0.8633516280348081,-0.43893635429632927
768,0.7687687687687688,0.8544395665107619,-0.38159365707855
769,0.7697697697697697,0.8421486675091447,-0.3227419685486536
770,0.7707707707707707,0.8265275349652613,-0.26261401450028926
771,0.7717717717717718,0.8076379420452267,-0.20144756764950172
772,0.7727727727727728,0.7855545868765019,-0.13948450737554502
773,0.7737737737737738,0.7603647971291952,-0.07696986322198184
774,0.7747747747747747,0.7321681847128421,-0.014150845940767586
775,0.7757757757757757,0.7010762518474929,0.04872413008920367
776,0.7767767767767768,0.6672119501296557,0.11140642920323095
777,0.7777777777777778,0.6307091943485992,0.17364817766693003
778,0.7787787787787788,0.5917123328963644,0.23520324387948674
779,0.7797797797797797,0.5503755769710019,0.2958282116875964
780,0.7807807807807807,0.5068623907539075,0.35528334296139147
781,0.7817817817817818,0.46134484497869804,0.4133335256257856
782,0.7827827827827828,0.41400293651926423,0.4697492033983698
783,0.7837837837837838,0.36502387657106133,0.5243072835572281
784,0.7847847847847848,0.31460135034577424,0.5767920191489238
785,0.7857857857857857,0.2629347511670878,0.626995862148076
786,0.7867867867867868,0.2102283919452845,0.6747202841946932
787,0.7877877877877878,0.15669069727320448,0.719776561663762
788,0.7887887887887888,0.10253337919462384,0.7619865219625417
789,0.7897897897897898,0.04797060000085616,0.8011832481043568
790,0.7907907907907907,-0.0067818746341242455,0.8372117387727085
791,0.7917917917917918,-0.06150752893386582,0.8699295212655597
792,0.7927927927927928,-0.11598995317486799,0.8992072148958354
793,0.7937937937937938,-0.17001369948967648,0.9249290426203228
794,0.7947947947947948,-0.22336513385407286,0.9469932888736626
795,0.7957957957957957,-0.27583328085089953,0.965312701797002
796,0.7967967967967968,-0.3272106580143502,0.9798148382707292
797,0.7977977977977978,-0.377294096263581,0.990442350386824
798,0.7987987987987988,-0.4258855433391997,0.9971532122280464
799,0.7997997997997998,-0.4727928470100978,0.9999208860571255
800,0.8008008008008007,-0.517830514880546,0.9987344272588009
801,0.8018018018018018,-0.5608204479652154,0.9935985276197031
802,0.8028028028028028,-0.6015926449315039,0.9845334967749428
803,0.8038038038038038,-0.6399858743674339,0.9715751818947604
804,0.8048048048048048,-0.675848312390196,0.9547748259288547
805,0.8058058058058059,-0.7090381429734549,0.9341988649689197
806,0.8068068068068068,-0.7394241188033269,0.9099286655307578
807,0.8078078078078078,-0.7668860802562593,0.8820602027948107
808,0.8088088088088088,-0.7913154305614385,0.8507036810775623
809,0.8098098098098098,-0.8126155652737361,0.8159830980345573
810,0.8108108108108109,-0.8307022542401251,0.7780357543184397
811,0.8118118118118118,-0.8455039747273534,0.7370117106310236
812,0.8128128128128128,-0.8569621942333152,0.6930731943163967
813,0.8138138138138138,-0.8650316019393214,0.646393957841771
814,0.8148148148148148,-0.8696802879244624,0.5971585917027905
815,0.8158158158158159,-0.8708898693071223,0.545561794470493
816,0.8168168168168168,-0.8686555629709409,0.49180760286643926
817,0.8178178178178178,-0.8629862044712518,0.4361085849106113
818,0.8188188188188188,-0.8539042130758745,0.3786849993327531
819,0.8198198198198198,-0.8414455031437088,0.31976392457125125
820,0.8208208208208209,-0.825659342068988,0.25957836080381774
821,0.8218218218218218,-0.8066081554726332,0.19836630856101103
822,0.8228228228228228,-0.7843672803495948,0.13636982756610105
823,0.8238238238238238,-0.7590246671267417,0.0738340795230761
824,0.8248248248248248,-0.7306805318982513,0.011006358638071879
825,0.8258258258258259,-0.6994469601054004,-0.05186488629210505
826,0.8268268268268268,-0.6654474633005056,-0.1145310343571419
827,0.8278278278278278,-0.6288164907470872,-0.17674427569113965
828,0.8288288288288288,-0.5896988977170701,-0.2382585914231601
829,0.8298298298298298,-0.5482493726926518,-0.29883072654545206
830,0.8308308308308309,-0.5046318256530643,-0.3582211518521304
831,0.8318318318318318,-0.45901873988432196,-0.4161950111443078
832,0.8328328328328328,-0.4115904899354653,-0.47252304995620936
833,0.8338338338338338,-0.3625346283048352,-0.5269825221294046
834,0.8348348348348348,-0.31204514378967285,-0.5793580706503655
835,0.8358358358358359,-0.2603216943773784,-0.6294425792680176
836,0.8368368368368369,-0.20756881767640134,-0.6770379915236757
837,0.8378378378378378,-0.15399512212470534,-0.7219560939545219
838,0.8388388388388388,-0.0998124620275257,-0.7640192603734649
839,0.8398398398398398,-0.045235099797145614,-0.803061154282224
840,0.8408408408408409,0.009521141312348803,-0.838927386639928
841,0.8418418418418419,0.06423973071113129,-0.8714761263861716
842,0.8428428428428428,0.11870428668521597,-0.9005786613042163
843,0.8438438438438438,0.17269943209412125,-0.926119907006423
844,0.8448448448448448,0.22601164607199026,-0.9479988620291943
845,0.8458458458458459,0.27843010834840454,-0.9661290072377481
846,0.8468468468468469,0.32974753297852893,-0.9804386479613262
847,0.8478478478478478,0.37976098799601976,-0.9908711975058629
848,0.8488488488488488,0.4282726979183695,-0.9973854009229761
849,0.8498498498498498,0.47509082585278095,-0.999955498150411
850,0.8508508508508509,0.5200302320603278,-0.9985713258788059
851,0.8518518518518519,0.5629132061369948,-0.9932383577419434
852,0.8528528528528528,0.6035701697149771,-0.9839776826715626
853,0.8538538538538538,0.641840347065034,-0.9708259215023283
854,0.8548548548548548,0.6775724008970995,-0.9538350821567421
855,0.8558558558558559,0.7106250307666149,-0.9330723539826378
856,0.8568568568568569,0.7408675318933698,-0.9086198420565837
857,0.8578578578578578,0.768180311989116,-0.8805742425038148
858,0.8588588588588588,0.7924553641833696,-0.8490464601186996
859,0.8598598598598598,0.8135966941587041,-0.8141611697977564
860,0.8608608608608609,0.8315206997065224,-0.7760563235195803
861,0.8618618618618619,0.8461565013742093,-0.7348826048212794
862,0.8628628628628628,0.8574462227278201,-0.6908028329286118
863,0.8638638638638638,0.8653452192160409,-0.6439913188962715
864,0.8648648648648649,0.8698222547464032,-0.5946331763042866
865,0.8658658658658659,0.8708596251628745,-0.5429235892365019
866,0.8668668668668669,0.8684532282912006,-0.4890670404357159
867,0.8678678678678678,0.8626125801481429,-0.4332765026878703
868,0.8688688688688688,0.853360777296104,-0.3757725966327368
869,0.8698698698698699,0.8407344055417832,-0.31678271833164356
870,0.8708708708708709,0.8247833952244378,-0.25654014004216885
871,0.8718718718718719,0.8055708237894376,-0.19528308775566985
872,0.8728728728728729,0.7831726663543457,-0.13325379914564253
873,0.8738738738738738,0.7576774952462328,-0.0706975656520005
874,0.8748748748748749,0.7291861297781536,-0.007861762489469981
875,0.8758758758758759,0.6978112375413072,0.05500512958419539
876,0.8768768768768769,0.6636768888707697,0.11765450687183789
877,0.8778778778778779,0.6269180662334374,0.1798386258266762
878,0.8788788788788788,0.5876801304174656,0.24131158274063272
879,0.8798798798798799,0.5461182457374161,0.30183028615715424
880,0.8808808808808809,0.5023967664358765,0.3611554181631025
881,0.8818818818818819,0.4566885867400442,0.4190523807584085
882,0.8828828828828829,0.4091744571917122,0.4752922235610859
883,0.8838838838838838,0.3600422698453225,0.529652549179014
884,0.8848848848848849,0.30948631527888815,0.581918392668318
885,0.8858858858858859,0.25770651428743546,0.6318830716004725
886,0.8868868868868869,0.20490762727776704,0.679349003376768
887,0.8878878878878879,0.15129844459608946,0.7241284865578764
888,0.8888888888888888,0.09709096084305847,0.7660444431189726
889,0.8898898898898899,0.042499536564242275,0.8049311186951364
890,0.8908908908908909,-0.012259949408177387,0.840634738047918
891,0.8918918918918919,-0.06697095367888695,0.8730141131611865
892,0.8928928928928929,-0.12141712455006537,0.9019412015614068
893,0.8938938938938938,-0.17538315760536582,0.9273016126546315
894,0.8948948948948949,-0.22865564711707115,0.9489950600778593
895,0.8958958958958959,-0.28102392991668024,0.966935758275998
896,0.8968968968968969,-0.3322809185023945,0.9810527617361673
897,0.8978978978978979,-0.3822239199044671,0.9912902455378545
898,0.8988988988988988,-0.4306554372516192,0.9976077261095224
899,0.8998998998998999,-0.47738395076845774,0.9999802213186832
900,0.9009009009009009,-0.5222246750903029,0.9983983492623832
901,0.9019019019019019,-0.565000290042527,0.9928683653674244
902,0.9029029029029029,-0.6055416417949181,0.9834121376536189
903,0.9039039039039038,-0.6436884117919516,0.9700670602579018
904,0.9049049049049049,-0.6792897507391259,0.9528859055612467
905,0.9059059059059059,-0.712204875083396,0.931936615503175
906,0.9069069069069069,-0.7423036237887292,0.9073020329090469
907,0.9079079079079079,-0.7694669730090947,0.8790795738926298
908,0.9089089089089089,-0.7935875067730426,0.8473808426293988
909,0.9099099099099099,-0.8145698417768042,0.8123311900238864
910,0.9109109109109109,-0.8323310045264806,0.7740692180163931
911,0.9119119119119119,-0.8468007595007244,0.7327462314891395
912,0.9129129129129129,-0.8579218868624026,0.6885256399393942
913,0.9139139139139139,-0.8656504087320191,0.6415823112854927
914,0.914914914914915,-0.8699557631235136,0.5921018803612025
915,0.9159159159159159,-0.8708209247572818,0.5402800148329109
916,0.9169169169169169,-0.8682424724235506,0.4863216414424673
917,0.9179179179179179,-0.862230602494327,0.4304401356356014
918,0.9189189189189189,-0.852809088592271,0.3728564777803148
919,0.91991991991992,-0.8400151876096529,0.3137983793120811
920,0.9209209209209209,-0.8238994923423716,0.2534993822614033
921,0.9219219219219219,-0.8045257314471199,0.19219793572457436
922,0.9229229229229229,-0.7819705174284101,0.13013645292971218
923,0.9239239239239239,-0.7563230436583577,0.06756035262688592
924,0.924924924924925,-0.7276847316969951,0.004717088593035539
925,0.9259259259259259,-0.6961688302008093,-0.058144828910476454
926,0.9269269269269269,-0.6618999670943285,-0.12077681585815876
927,0.9279279279279279,-0.6250136567501535,-0.18293119747238135
928,0.9289289289289289,-0.5856557640760348,-0.24436218763975878
929,0.92992992992993,-0.5439819277282953,-0.30482686085895583
930,0.9309309309309309,-0.5001569446341845,-0.36408611287628356
931,0.9319319319319319,-0.4543541183016106,-0.4219056062105164
932,0.9329329329329329,-0.40675457352884953,-0.4780566968276305
933,0.933933933933934,-0.35754654012161907,-0.5323173383011902
934,0.934934934934935,-0.3069246085720764,-0.5844729598828164
935,0.9359359359359359,-0.25508896056163494,-0.6343173150105268
936,0.9369369369369369,-0.2022445773275635,-0.6816532968995298
937,0.9379379379379379,-0.14860042911685634,-0.7262937179902421
938,0.938938938938939,-0.09436864878695317,-0.7680620501712976
939,0.93993993993994,-0.039763692954739534,-0.8067931228503248
940,0.9409409409409409,0.014998506047001063,-0.8423337761120606
941,0.9419419419419419,0.06970139410165445,-0.8745434663808918
942,0.9429429429429429,0.12412865161096391,-0.9032948221927489
943,0.943943943943944,0.17806504895661446,-0.9284741478786268
944,0.944944944944945,0.23129729760525117,-0.9499818731678871
945,0.9459459459459459,0.28361489352118513,-0.9677329469334981
946,0.9469469469469469,0.3348109496423853,-0.9816571735220571
947,0.9479479479479479,0.38468301395113114,-0.9916994903386805
948,0.948948948948949,0.4330338700933149,-0.9978201855890309
949,0.94994994994995,0.47967231725972165,-0.9999950553174458
950,0.950950950950951,0.5244139262447827,-0.998215499120161
951,0.9519519519519519,0.5670817688162485,-0.9924885541551358
952,0.9529529529529529,0.6075071173165366,-0.9828368673139952
953,0.953953953953954,0.6455301119140808,-0.9692986056661351
954,0.954954954954955,0.681000392768966,-0.951927305529127
955,0.955955955955956,0.7137776945823063,-0.9307916607622637
956,0.9569569569569569,0.7437324013222112,-0.9059752511204432
957,0.9579579579579579,0.7707460587377402,-0.8775762117425794
958,0.958958958958959,0.7947118427974347,-0.8457068450815558
959,0.95995995995996,0.815534982135696,-0.8104931768102935
960,0.960960960960961,0.8331331327783394,-0.7720744574600897
961,0.9619619619619619,0.8474367038167888,-0.7306026117619897
962,0.9629629629629629,0.8583891325664008,-0.6862416378687368
963,0.963963963963964,0.8659471082470287,-0.6391669588329852
964,0.964964964964965,0.8700807432762097,-0.5895647289064422
965,0.965965965965966,0.8707736914169859,-0.5376310974029926
966,0.9669669669669669,0.8680232124579823,-0.48357143303694644
967,0.9679679679679679,0.861840183028116,-0.42759951180367395
968,0.968968968968969,0.8522490535801479,-0.3699366716140444
969,0.96996996996997,0.839287751730321,-0.3108109370257752
970,0.970970970970971,0.8230075322400067,-0.2504561175326987
971,0.9719719719719719,0.8034727743579863,-0.18911088297791945
972,0.9729729729729729,0.780760727230833,-0.12701781974688492
973,0.973973973973974,0.7549612044083233,-0.06442247147277028
974,0.974974974974975,0.7261762287105037,-0.0015723680475897498
975,0.975975975975976,0.6945196287568076,0.06128395322131526
976,0.9769769769769769,0.6601165888476825,0.12389793043845103
977,0.9779779779779779,0.6231031539412354,0.18602196004468502
978,0.978978978978979,0.5836256916435237,0.2474103759519995
979,0.97997997997998,0.5418403134354192,0.30782042101662876
980,0.980980980980981,0.4979122573218313,0.36701320700896356
981,0.9819819819819819,0.4520152344010641,0.4247546592840433
982,0.9829829829829829,0.40433074196046126,0.48081644241695776
983,0.983983983983984,0.3550473457199661,0.5349768631428484
984,0.984984984984985,0.30435993418609697,0.5870217470308188
985,0.985985985985986,0.2524689479716016,0.6367452854250584
986,0.986986986986987,0.19957958714200674,0.6839508493039614
987,0.9879879879879879,0.1459009998030129,0.7284517668388548
988,0.988988988988989,0.09164545499551223,0.7700720615775827
989,0.98998998998999,0.037027503311078215,0.8086471483337545
990,0.990990990990991,-0.017736871528768853,0.8440244840299483
991,0.991991991991992,-0.07243110680425555,0.8760641709209549
992,0.992992992992993,-0.1268389171334817,0.904639509811797
993,0.993993993993994,-0.18074514980266998,0.9296375010827777
994,0.994994994994995,-0.23393663556083186,0.9509592915403249
995,0.995995995995996,-0.2862030315667244,0.9685205653265587
996,0.996996996996997,-0.3373376532244227,0.9822518773417467
997,0.997997997997998,-0.3871382914520587,0.9920989278611689
998,0.998998998998999,-0.4354080123456304,0.9980227772604112
999,1.0,-0.4819559359364744,1.0
