,Frequencia,Amplitude(V),Amplitude(V)2
0,-499.5,4.463748284129865e-16,6.936895214610188e-17
1,-498.5,5.008352636141675e-07,3.5491634414713045e-07
2,-497.5,1.0016984432448076e-06,6.347689400741651e-07
3,-496.5,1.5026174584513346e-06,1.067400282492987e-06
4,-495.5,2.003620237839748e-06,1.2744603878224656e-06
5,-494.5,2.5047347205949027e-06,1.7878625663490218e-06
6,-493.5,3.0059888634102965e-06,1.9240412698010588e-06
7,-492.5,3.5074106408836063e-06,2.5217045355557057e-06
8,-491.5,4.0090280523537936e-06,2.5885681544785664e-06
9,-490.5,4.5108691292175016e-06,3.27445280666331e-06
10,-489.5,5.012961927387959e-06,3.2732340872101823e-06
11,-488.5,5.515334544301921e-06,4.051812657183077e-06
12,-487.5,6.018015116832238e-06,3.983417938061774e-06
13,-486.5,6.521031824044375e-06,4.859724817807877e-06
14,-485.5,7.024412895374441e-06,4.724737188591753e-06
15,-484.5,7.528186610834637e-06,5.704426831284462e-06
16,-483.5,8.032381308175082e-06,5.5031052476268255e-06
17,-482.5,8.537025384783212e-06,6.5925202907151115e-06
18,-481.5,9.042147302715338e-06,6.324794496391286e-06
19,-480.5,9.547775594181277e-06,7.5310454908143765e-06
20,-479.5,1.0053938862202473e-05,7.196506493120002e-06
21,-478.5,1.0560665788665614e-05,8.52756527633094e-06
22,-477.5,1.1067985135966303e-05,8.125450996389222e-06
23,-476.5,1.1575925751568911e-05,9.590260230456724e-06
24,-475.5,1.208451657547001e-05,9.11943579951227e-06
25,-474.5,1.2593786636452094e-05,1.0728037776096593e-05
26,-473.5,1.310376506905611e-05,1.0186969799003424e-05
27,-472.5,1.3614481103491676e-05,1.195065835043088e-05
28,-471.5,1.4125964081638204e-05,1.1337382223597406e-05
29,-470.5,1.463824345464378e-05,1.3268882530980477e-05
30,-469.5,1.5151348791075111e-05,1.258096166920549e-05
31,-468.5,1.5665309778682032e-05,1.4694643942693922e-05
32,-467.5,1.618015623106495e-05,1.3929119439189069e-05
33,-466.5,1.6695918089432686e-05,1.6241254022151413e-05
34,-465.5,1.7212625432136247e-05,1.5394582852633862e-05
35,-464.5,1.7730308472392616e-05,1.792364631125592e-05
36,-463.5,1.8248997569803515e-05,1.6991625675618666e-05
37,-462.5,1.876872323036903e-05,1.9758670106480175e-05
38,-461.5,1.928951611183343e-05,1.873634481226979e-05
39,-460.5,1.9811407032018012e-05,2.1765446119790553e-05
40,-459.5,2.0334426968543358e-05,2.0646995008384187e-05
41,-458.5,2.0858607066167896e-05,2.3965800632134265e-05
42,-457.5,2.1383978644204278e-05,2.274439686121435e-05
43,-456.5,2.191057319540056e-05,2.6384799831560707e-05
44,-455.5,2.2438422397719233e-05,2.505243819619313e-05
45,-454.5,2.296755811337281e-05,2.9051413157501335e-05
46,-453.5,2.349801239873677e-05,2.759869545583706e-05
47,-452.5,2.4029817506762124e-05,3.199934444993093e-05
48,-451.5,2.4563005892174937e-05,3.041521086277133e-05
49,-450.5,2.5097610219983478e-05,3.526808375259873e-05
50,-449.5,2.5633663365740777e-05,3.353947398451408e-05
51,-448.5,2.617119842505106e-05,3.890425279891283e-05
52,-447.5,2.6710248717955306e-05,3.7015674747845275e-05
53,-446.5,2.725084779127729e-05,4.2963346620482156e-05
54,-445.5,2.7793029434108962e-05,4.089632171500692e-05
55,-444.5,2.8336827668412547e-05,4.7512017385047126e-05
56,-443.5,2.888227676810324e-05,4.524435911909596e-05
57,-442.5,2.9429411256805577e-05,5.263111283997555e-05
58,-441.5,2.9978265919786204e-05,5.013597619725735e-05
59,-440.5,3.052887580336586e-05,5.8419784418743655e-05
60,-439.5,3.108127622828991e-05,5.566439519667089e-05
61,-438.5,3.163550278856759e-05,6.500114364320043e-05
62,-437.5,3.219159136370209e-05,6.194507190093347e-05
63,-436.5,3.27495781207314e-05,7.253021332257185e-05
64,-435.5,3.3309499524999756e-05,6.912298350265718e-05
65,-434.5,3.3871392341839384e-05,8.120537380446899e-05
66,-433.5,3.443529364616728e-05,7.738308582575532e-05
67,-432.5,3.500124082862392e-05,9.128530274557132e-05
68,-431.5,3.5569271602934504e-05,8.69657366879533e-05
69,-430.5,3.6139424011308934e-05,0.00010311487431568135
70,-429.5,3.671173643352604e-05,9.819019396569326e-05
71,-428.5,3.72862475911032e-05,0.0001171663245899784
72,-427.5,3.786299655813505e-05,0.00011149183355708876
73,-426.5,3.844202276499837e-05,0.00013410783672326344
74,-425.5,3.9023366009489104e-05,0.00012748395298717717
75,-424.5,3.960706646143315e-05,0.00015492465412882472
76,-423.5,4.0193164671794985e-05,0.0001470666129422662
77,-422.5,4.0781701580695674e-05,0.00018114924717929084
78,-421.5,4.137271852328005e-05,0.0001716331966202183
79,-420.5,4.1966257240902364e-05,0.00021534239524079337
80,-419.5,4.2562359888062544e-05,0.0002035027628736189
81,-418.5,4.3161069038891624e-05,0.00026223547185810254
82,-417.5,4.376242769880546e-05,0.0002469541513161281
83,-416.5,4.436647931018951e-05,0.00033197457509871953
84,-415.5,4.497326776462269e-05,0.00031122311701241404
85,-414.5,4.5582837407709295e-05,0.00045220146720996267
86,-413.5,4.619523305299158e-05,0.00042227476767797906
87,-412.5,4.681049998701278e-05,0.0007403284662112157
88,-411.5,4.7428683979674806e-05,0.0007064668951013219
89,-410.5,4.804983129311885e-05,0.0029452359443931423
90,-409.5,4.8673988695414676e-05,0.00470472067444546
91,-408.5,4.9301203465783184e-05,0.001156331826647493
92,-407.5,4.993152340880693e-05,4.259747857890808e-05
93,-406.5,5.056499686150497e-05,0.0004774287290222545
94,-405.5,5.1201672705097843e-05,0.00032742949548943395
95,-404.5,5.1841600375106455e-05,0.0008209029505956479
96,-403.5,5.24848298724783e-05,0.0007119904377923901
97,-402.5,5.3131411776224734e-05,0.0017959121674056117
98,-401.5,5.3781397251866194e-05,0.0016935933725863554
99,-400.5,5.4434838065249726e-05,0.010154469600768962
100,-399.5,5.509178659230131e-05,0.020251475225157863
101,-398.5,5.5752295832793433e-05,0.0029627024708717017
102,-397.5,5.641641942174793e-05,0.001821748396318405
103,-396.5,5.7084211642049776e-05,0.00047960056138697906
104,-395.5,5.7755727436964755e-05,0.0009156672672753902
105,-394.5,5.843102242266954e-05,0.0003827593926296746
106,-393.5,5.9110152901099586e-05,0.0005433207751731171
107,-392.5,5.979317587427323e-05,7.061709979152496e-05
108,-391.5,6.0480149058288136e-05,0.00016432217796117144
109,-390.5,6.11711308961472e-05,0.0020202631353305263
110,-389.5,6.1866180572637e-05,0.005587978879801494
111,-388.5,6.256535802749121e-05,0.0003465847505762006
112,-387.5,6.326872397248623e-05,0.0008989143714691773
113,-386.5,6.397633990541193e-05,0.0005131409849893579
114,-385.5,6.468826812562923e-05,0.0006395279139042029
115,-384.5,6.54045717485936e-05,0.00048419892762911916
116,-383.5,6.61253147242892e-05,0.0005344988808176197
117,-382.5,6.685056184959404e-05,0.00044400875763873866
118,-381.5,6.758037879106918e-05,0.0004731436052728489
119,-380.5,6.831483209585648e-05,0.00041175815255666286
120,-379.5,6.905398921535555e-05,0.00043163174175354777
121,-378.5,6.97979185147095e-05,0.00038649806575675094
122,-377.5,7.054668930117943e-05,0.00040131113642025065
123,-376.5,7.130037183392218e-05,0.0003664544229436428
124,-375.5,7.205903734744096e-05,0.00037812461642439826
125,-374.5,7.282275806996848e-05,0.0003503032209029984
126,-373.5,7.359160724400072e-05,0.00035985571391140614
127,-372.5,7.436565914463855e-05,0.0003371215704129369
128,-371.5,7.51449891026185e-05,0.0003451653470493239
129,-370.5,7.592967352378644e-05,0.0003262603601931268
130,-369.5,7.671978991168616e-05,0.0003331852060476525
131,-368.5,7.751541688843524e-05,0.0003172525006345564
132,-367.5,7.83166342191009e-05,0.00032332209794425646
133,-366.5,7.912352283338909e-05,0.000309753782621565
134,-365.5,7.993616484947099e-05,0.0003151542736299693
135,-364.5,8.075464359856295e-05,0.00030350497862372515
136,-363.5,8.157904364883723e-05,0.0003083722947456343
137,-362.5,8.240945083218567e-05,0.0002983071038898885
138,-361.5,8.324595226845562e-05,0.0003027432933620467
139,-360.5,8.408863639215624e-05,0.0002940048736391711
140,-359.5,8.493759298049815e-05,0.00029808833868540346
141,-358.5,8.579291318050628e-05,0.0002904753690763763
142,-357.5,8.66546895360022e-05,0.0002942675443158968
143,-356.5,8.752301601936024e-05,0.0002876200940320118
144,-355.5,8.839798805871518e-05,0.0002911699503246383
145,-354.5,8.927970256924357e-05,0.00028535929198050163
146,-353.5,9.016825798414725e-05,0.00028870646057779304
147,-352.5,9.10637542866737e-05,0.00028362780416815107
148,-351.5,9.19662930439939e-05,0.00028680479701216247
149,-350.5,9.287597743497151e-05,0.0002823720004295558
150,-349.5,9.379291229285454e-05,0.0002854058217556977
151,-348.5,9.47172041351453e-05,0.00028154747085411356
152,-347.5,9.564896119714124e-05,0.0002844608089470494
153,-346.5,9.658829347510933e-05,0.0002811172665124298
154,-345.5,9.753531275918805e-05,0.00028392938969510386
155,-344.5,9.849013267288558e-05,0.00028105054267040343
156,-343.5,9.945286871422639e-05,0.0002837779830545115
157,-342.5,0.00010042363829343845,0.00028132150132342116
158,-341.5,0.00010140256077792734,0.00028397858372612754
159,-340.5,0.00010238975753118589,0.00028190855933149305
160,-339.5,0.00010338535195954011,0.0002845078155580023
161,-338.5,0.00010438946955472284,0.00028279368868212623
162,-337.5,0.00010540223794060788,0.00028534618582877854
163,-336.5,0.00010642378692133889,0.00028396188963356083
164,-335.5,0.00010745424852699039,0.0002864774931390325
165,-334.5,0.00010849375706523599,0.00028540076757459335
166,-333.5,0.00010954244917211433,0.0002878883542311097
167,-332.5,0.0001106004638619157,0.00028710019169684024
168,-331.5,0.00011166794258437722,0.0002895678239391723
169,-330.5,0.00011274502927576368,0.00028905201888773413
170,-329.5,0.00011383187041688856,0.000291507088879011
171,-328.5,0.00011492861509258796,0.00029124987015887837
172,-327.5,0.000116035415047591,0.0002936992201607578
173,-326.5,0.00011715242474997196,0.00029368894984852515
174,-325.5,0.00011827980145333131,0.0002961389738743137
175,-324.5,0.0001194177052607398,0.0002963659000428094
176,-323.5,0.00012056629919042925,0.0002988226306929648
177,-322.5,0.00012172574924413046,0.0002992786843481455
178,-321.5,0.00012289622447735822,0.00030174786788882195
179,-320.5,0.0001240778970701529,0.0003024264964455556
180,-319.5,0.00012527094239778342,0.00030491365858345917
181,-318.5,0.00012647553911574106,0.00030580968987638474
182,-317.5,0.0001276918692253856,0.00030832019420295683
183,-316.5,0.00012892011816149985,0.0003094297263246551
184,-315.5,0.0001301604748724289,0.0003119688270388323
185,-314.5,0.0001314131319061285,0.000313289140286693
186,-313.5,0.0001326782854929517,0.0003158620305573758
187,-312.5,0.00013395613564049085,0.0003173915185836104
188,-311.5,0.0001352468862186287,0.00032000337567324297
189,-310.5,0.00013655074506285154,0.00032174149358067726
190,-309.5,0.0001378679240630827,0.00032439752172986225
191,-308.5,0.00013919863926955235,0.0003263447493960076
192,-307.5,0.00014054311099379106,0.0003290502213372603
193,-306.5,0.00014190156391454578,0.00033120804068835594
194,-305.5,0.00014327422718573706,0.0003339683385872412
195,-304.5,0.00014466133455175146,0.0003363392239308113
196,-303.5,0.0001460631244644367,0.0003391598805035919
197,-302.5,0.00014747984019918372,0.0003417473013930869
198,-301.5,0.0001489117299697992,0.0003446340419272611
199,-300.5,0.00015035904707908545,0.00034744247829234377
200,-299.5,0.000151822050024209,0.00035040126430048554
201,-298.5,0.0001533010026431398,0.0003534362339473495
202,-297.5,0.0001547961742522548,0.0003564733091886851
203,-296.5,0.0001563078397883183,0.0003597414079881333
204,-295.5,0.0001578362799544727,0.0003628633476798471
205,-294.5,0.00015938178137479286,0.0003663723031135728
206,-293.5,0.00016094463674944586,0.0003695860671742967
207,-292.5,0.00016252514501591202,0.0003733448062100408
208,-291.5,0.0001641236115159444,0.00037665779751450373
209,-290.5,0.00016574034816993044,0.0003806765301239067
210,-289.5,0.00016737567365326448,0.00038409665885989704
211,-288.5,0.00016902991357495143,0.0003883869788954519
212,-287.5,0.00017070340067180226,0.00039192273427113186
213,-286.5,0.00017239647500954036,0.0003964977398657872
214,-285.5,0.00017410948416868123,0.0004001582706583755
215,-284.5,0.00017584278346961463,0.0004050327068555012
216,-283.5,0.00017759673617638298,0.00040882791249734435
217,-282.5,0.00017937171372513154,0.0004140183394514408
218,-281.5,0.00018116809595137567,0.00041795897373822136
219,-280.5,0.00018298627133194676,0.00042348396461593156
220,-279.5,0.00018482663722460308,0.0004275817544996361
221,-278.5,0.00018668960012589592,0.0004334621281460584
222,-277.5,0.00018857557593177757,0.0004377299105858675
223,-276.5,0.0001904849902153131,0.00044398900521999294
224,-275.5,0.00019241827849749503,0.000448440885745124
225,-274.5,0.00019437588655141252,0.0004551048814119653
226,-273.5,0.00019635827068884947,0.00045975641884566217
227,-272.5,0.0001983658980866257,0.0004668547182067065
228,-271.5,0.0002003992470937327,0.00047172314106013353
229,-270.5,0.00020245880758769833,0.00047928882046755525
230,-269.5,0.0002045450812940401,0.00048439328186534775
231,-268.5,0.00020665858216727993,0.0004924636276665542
232,-267.5,0.00020879983675208637,0.0004978255073677444
233,-266.5,0.00021096938457259396,0.0005064426562917183
234,-265.5,0.00021316777852841993,0.0005120859206574784
235,-264.5,0.00021539558531282117,0.000521297628167694
236,-263.5,0.00021765338583936328,0.0005272492618337808
237,-262.5,0.00021994177569057425,0.0005371098290052066
238,-261.5,0.00022226136557844758,0.0005434003559393231
239,-260.5,0.00022461278182679467,0.0005539717541920906
240,-259.5,0.000226996666866081,0.0005606358709842803
241,-258.5,0.0002294136797550566,0.0005719891157994686
242,-257.5,0.00023186449671453805,0.0005790664670460029
243,-256.5,0.00023434981168986603,0.0005912833077258259
244,-255.5,0.00023687033692757132,0.000598819442891445
245,-254.5,0.00023942680357988674,0.0006119944572463337
246,-253.5,0.00024201996233094578,0.0006200420215397721
247,-252.5,0.00024465058405083554,0.0006342852346304466
248,-251.5,0.0002473194604716939,0.0006429054648132757
249,-250.5,0.0002500274048922022,0.0006583456533728228
250,-249.5,0.0002527752529156533,0.0006676102754592258
251,-248.5,0.00025556386321019136,0.0006843991802384964
252,-247.5,0.0002583941183060761,0.0006943928435861142
253,-246.5,0.00026126692542619646,0.000712710599731609
254,-245.5,0.0002641832173450532,0.0007235340369633426
255,-244.5,0.0002671439532954324,0.0007435962622620565
256,-243.5,0.00027015011989830616,0.0007553704465763716
257,-242.5,0.00027320273214883115,0.0007774376227236008
258,-241.5,0.0002763028344279822,0.0007903093193487346
259,-240.5,0.00027945150157601505,0.0008146994021530521
260,-239.5,0.00028264983999403835,0.0008288487063258966
261,-238.5,0.0002858989888106535,0.0008559543755928398
262,-237.5,0.0002892001210885499,0.0008716051432326127
263,-236.5,0.0002925544450912877,0.0009019178741233019
264,-235.5,0.00029596320560403374,0.0009193524703360685
265,-234.5,0.00029942768531634084,0.0009534969009899007
266,-233.5,0.0003029492062649052,0.0009730775799434283
267,-232.5,0.000306529131345312,0.001011861899860759
268,-231.5,0.0003101688658925334,0.0010340627124562258
269,-230.5,0.0003138698593373667,0.0010785548813581963
270,-229.5,0.00031763360693674495,0.0011040109616010563
271,-228.5,0.0003214616515905137,0.001155658367774101
272,-227.5,0.0003253555857411984,0.0011852452738916777
273,-226.5,0.0003293170533684652,0.0012460712423268963
274,-225.5,0.00033334775207894465,0.0012810392904799872
275,-224.5,0.00033744943529887895,0.0013539842375781058
276,-223.5,0.0003416239145743549,0.0013962007100498332
277,-222.5,0.0003458730619867609,0.0014857574283696979
278,-221.5,0.0003501988126905697,0.0015381798031641925
279,-220.5,0.0003546031675767082,0.0016516889701390172
280,-219.5,0.0003590881960750706,0.0017193925477366951
281,-218.5,0.0003636560391009098,0.0018700268635596772
282,-217.5,0.00036830891215197843,0.0019627832778520145
283,-216.5,0.00037304910857151595,0.0021777053675445567
284,-215.5,0.0003778790029810816,0.0023179598612734047
285,-214.5,0.0003828010548981616,0.0026672279587655226
286,-213.5,0.00038781781254862066,0.0029245854693200055
287,-212.5,0.00039293191688587523,0.0036822378618377788
288,-211.5,0.0003981461058316168,0.004462402842918932
289,-210.5,0.00040346321875044556,0.009068427267585744
290,-209.5,0.00040888620117175576,0.022581051190333535
291,-208.5,0.0004144181097864768,0.00043576753491326705
292,-207.5,0.0004200621177180833,0.0004110561560528914
293,-206.5,0.00042582152010739834,0.00184948178832801
294,-205.5,0.00043169974001049674,0.0024023086516897626
295,-204.5,0.00043770033465371675,0.00362287016195484
296,-203.5,0.0004438270020526562,0.004441014392256416
297,-202.5,0.00045008358802817644,0.0069461814182755115
298,-201.5,0.000456474093649079,0.009590847466079347
299,-200.5,0.0004630026831280939,0.026455386664139168
300,-199.5,0.0004696736922051183,0.09988096168183877
301,-198.5,0.000476491637054558,0.011184932663625115
302,-197.5,0.00048346122375411216,0.008783190717941194
303,-196.5,0.0004905873583579737,0.004919747988268798
304,-195.5,0.0004978751576159269,0.004016404996386237
305,-194.5,0.0005053299603981723,0.0025981603261325367
306,-193.5,0.0005129573398646996,0.0020592220403035533
307,-192.5,0.0005207631164526285,0.0009059618136396489
308,-191.5,0.000528753371734766,9.571517819560953e-05
309,-190.5,0.0005369344632252588,0.004234896093340462
310,-189.5,0.0005453130402079915,0.02704226410106061
311,-188.5,0.0005538960606689577,0.004358113714291866
312,-187.5,0.0005626908094248718,0.0037466569723073138
313,-186.5,0.0005717049175509097,0.0026674628675734183
314,-185.5,0.0005809463832134597,0.0024047308914568687
315,-184.5,0.000590423594034537,0.001988583339394322
316,-183.5,0.000600145351110896,0.0018460700295379671
317,-182.5,0.0006101208948503675,0.001604084841613768
318,-181.5,0.0006203599327678269,0.0015091954910764114
319,-180.5,0.0006308726694341831,0.0013432417416121465
320,-179.5,0.0006416698387685229,0.0012729784531270152
321,-178.5,0.0006527627388957599,0.0011487926833122439
322,-177.5,0.0006641632698004337,0.0010933011113262408
323,-176.5,0.0006758839740652134,0.0009951916129727315
324,-175.5,0.0006879380809733354,0.0009493921025227616
325,-174.5,0.0007003395543154983,0.0008689099210478461
326,-173.5,0.0007131031442719535,0.0008298461552382937
327,-172.5,0.0007262444437842894,0.0007619292208839509
328,-171.5,0.0007397799498724948,0.0007277272248499322
329,-170.5,0.0007537271304247068,0.000669104357719494
330,-169.5,0.0007681044970364348,0.0006384977332098322
331,-168.5,0.0007829316845526207,0.0005869316372896448
332,-167.5,0.0007982295380536469,0.0005590198794115274
333,-166.5,0.0008140202081128703,0.0005129102007229191
334,-165.5,0.0008303272552680265,0.00048702486702430073
335,-164.5,0.0008471757647735566,0.0004451833940099204
336,-163.5,0.0008645924728404279,0.00042080885225216543
337,-162.5,0.0008826059057471384,0.00038232414932721966
338,-161.5,0.000901246533383902,0.00035904793679010993
339,-160.5,0.0009205469390410278,0.00032319957777037563
340,-159.5,0.0009405420074846574,0.0003006797184283002
341,-158.5,0.0009612691336997563,0.000266881485592988
342,-157.5,0.00098276845502262,0.0002448239168003937
343,-156.5,0.0010050831098104484,0.00021258460531319842
344,-155.5,0.001028259526309081,0.00019072678501191447
345,-154.5,0.001052347745957634,0.00015962201572968402
346,-153.5,0.001077401786073759,0.00013772032433372522
347,-152.5,0.0011034800477224213,0.00010737133654101311
348,-151.5,0.0011306457755515726,8.519073021158398e-05
349,-150.5,0.0011589675776102009,5.5247559552995337e-05
350,-149.5,0.0011885200146112384,3.255239299725585e-05
351,-148.5,0.0012193842698850722,2.6796508128833463e-06
352,-147.5,0.0012516489134307242,2.0775175916756663e-05
353,-146.5,0.0012854107761014017,5.0911261546330574e-05
354,-145.5,0.0013207759532606446,7.538959199412528e-05
355,-144.5,0.0013578609612422273,0.0001061340086885026
356,-143.5,0.0013967940749865118,0.00013192895054362224
357,-142.5,0.001437716881552683,0.00016365172298567866
358,-141.5,0.001480786092110044,0.00019109835807406726
359,-140.5,0.001526175665141835,0.0002242106333455855
360,-139.5,0.0015740793064931604,0.0002537021994625848
361,-138.5,0.0016247134285577516,0.0002886762527108909
362,-137.5,0.0016783206725670054,0.00032068564900904634
363,-136.5,0.0017351741263736875,0.00035808117546974166
364,-135.5,0.0017955824078017535,0.0003931906178703117
365,-134.5,0.0018598958340800306,0.0004336909324130293
366,-133.5,0.0019285139661531416,0.00047263427563255
367,-132.5,0.0020018949102791873,0.0005170982729659869
368,-131.5,0.0020805668891824857,0.000560823537154883
369,-130.5,0.0021651427779893094,0.0006103633548746616
370,-129.5,0.002256338561658646,0.0006601286289863541
371,-128.5,0.0023549970508965155,0.0007162307880541154
372,-127.5,0.002462118756670515,0.0007737577547679442
373,-126.5,0.0025789026745048436,0.0008384814318522613
374,-125.5,0.0027068010448650765,0.0009062139560964176
375,-124.5,0.002847594239331785,0.0009825345740806677
376,-123.5,0.003003495314931734,0.0010641023383603646
377,-122.5,0.00317729947787106,0.0011565505365475745
378,-121.5,0.003372603611723132,0.0012576688007160312
379,-120.5,0.0035941389729733024,0.0013736312515148094
380,-119.5,0.0038482941747417067,0.001504037739952231
381,-118.5,0.00414397359003059,0.0016567445895431297
382,-117.5,0.004494081113087373,0.0018350024688633566
383,-116.5,0.004918251755659785,0.0020516485194506844
384,-115.5,0.005448291513702158,0.002319759265605522
385,-114.5,0.0061401607371669,0.0026699671931075864
386,-113.5,0.007104193806853928,0.003154971980560641
387,-112.5,0.008597548275556114,0.003905652144051101
388,-111.5,0.011408918158597597,0.005314232597379552
389,-110.5,0.019832817777951175,0.009529930213112613
390,-109.5,0.11736804075420175,0.05906768706438862
391,-108.5,0.006412285045327024,0.003586302847937274
392,-107.5,7.833995067614963e-05,0.0003382532287103442
393,-106.5,0.0030721854004017897,0.001161946661902484
394,-105.5,0.0053764679724331065,0.0023167583807754658
395,-104.5,0.007766818322854116,0.003514992473223162
396,-103.5,0.010826942945943172,0.005047666308239572
397,-102.5,0.015550571767635402,0.007412331147713006
398,-101.5,0.024790312880339394,0.01203476176770733
399,-100.5,0.05385034057200075,0.026567426221144077
400,-99.5,0.49240690968225204,0.24655868311642548
401,-98.5,0.04511301182839621,0.022909275746783336
402,-97.5,0.02354855269815901,0.012124567682379572
403,-96.5,0.01570067283196111,0.008198354759023472
404,-95.5,0.011484495918671166,0.006087818252205021
405,-94.5,0.0086859679262932,0.004686460893535264
406,-93.5,0.006471306086750663,0.0035767056164600418
407,-92.5,0.004311056239344174,0.0024946619760255703
408,-91.5,0.0014141889828803594,0.0010438209548129618
409,-90.5,0.0056845045310171,0.002507274047482168
410,-89.5,0.12929629995332143,0.06498073100743645
411,-88.5,0.01568282142578253,0.0081724105776135
412,-87.5,0.010412524492516907,0.005534868281490085
413,-86.5,0.008357202251374287,0.0045057904482739535
414,-85.5,0.00718941298152065,0.003919498342225911
415,-84.5,0.006404316423585352,0.0035256959375303677
416,-83.5,0.005824948294133498,0.0032336035432348974
417,-82.5,0.005371917485951768,0.0030059954958216637
418,-81.5,0.005003642225852292,0.0028194311721558714
419,-80.5,0.004695884254213869,0.0026646206952647784
420,-79.5,0.004433364705540284,0.0025309079905844914
421,-78.5,0.00420586222169524,0.0024163868768392323
422,-77.5,0.004006213652130339,0.002314075098100726
423,-76.5,0.003829209309034502,0.0022249659722859143
424,-75.5,0.003670944202083984,0.002143302481993841
425,-74.5,0.003528417460058614,0.002071597250658493
426,-73.5,0.003399274397110446,0.0020044417960163713
427,-72.5,0.003281634415836901,0.0019453481545443658
428,-71.5,0.0031739726297038548,0.001888870015352749
429,-70.5,0.0030750362633208306,0.001839300523052356
430,-69.5,0.002983784242366947,0.001790952663866823
431,-68.5,0.0028993426523092804,0.001748808147184467
432,-67.5,0.0028209713076515785,0.0017068136249410737
433,-66.5,0.0027480382603353296,0.0016706074459161072
434,-65.5,0.0026800000852494907,0.0016336787812414972
435,-64.5,0.0026163864388788548,0.00160232422788849
436,-63.5,0.002556787825574372,0.001569499314611835
437,-62.5,0.0025008458039984735,0.0015421819180280202
438,-61.5,0.002448245072588973,0.0015127227379560094
439,-60.5,0.0023987070180725638,0.0014888198695791346
440,-59.5,0.002351984414757375,0.0014621471276191444
441,-58.5,0.0023078570374929002,0.0014411753952524378
442,-57.5,0.002266128006288019,0.001416824709493611
443,-56.5,0.0022266207215267614,0.0013984044601714394
444,-55.5,0.0021891762794495665,0.001375995998626399
445,-54.5,0.0021536512808572276,0.0013598267692306607
446,-53.5,0.0021199159638459622,0.0013390435357666828
447,-52.5,0.002087852605148713,0.0013248867594557187
448,-51.5,0.0020573541453837215,0.0013054585671026643
449,-50.5,0.0020283230019490814,0.0012931252509102075
450,-49.5,0.00200067003993289,0.001274816476346311
451,-48.5,0.001974313676713575,0.0012641584032524263
452,-47.5,0.0019491791001782185,0.0012467582378925747
453,-46.5,0.0019251975838864587,0.0012376617674115186
454,-45.5,0.0019023058852899058,0.001220976046891343
455,-44.5,0.0018804457153722182,0.0012133579283988415
456,-43.5,0.0018595632699172056,0.0011972018271108184
457,-42.5,0.0018396088141476377,0.0011910066779633355
458,-41.5,0.001820536313714175,0.0011751976450615066
459,-40.5,0.001802303106086248,0.0011703969301232744
460,-39.5,0.0017848696072381798,0.001154747233981858
461,-38.5,0.001768199049273322,0.001151339749980304
462,-37.5,0.0017522572452399027,0.001135647879216916
463,-36.5,0.0017370123778971608,0.0011336619295227225
464,-35.5,0.0017224348096397154,0.0011177018277754862
465,-34.5,0.001708496911161842,0.0011171995121052195
466,-33.5,0.001695172906736626,0.0011007061044930391
467,-32.5,0.0016824387342996231,0.0011017905094223134
468,-31.5,0.001670271918705603,0.001084439010049067
469,-30.5,0.0016586514567709584,0.0010872656916369396
470,-29.5,0.0016475577128593265,0.001068640337185965
471,-28.5,0.0016369723239263018,0.0010734355842922472
472,-27.5,0.0016268781130744827,0.0010529797698417332
473,-26.5,0.001617259010759277,0.0010600702743193023
474,-25.5,0.0016080999829163698,0.0010370023167102552
475,-24.5,0.0015993869653325276,0.001046865375422998
476,-23.5,0.0015911068036819952,0.0010200264609354901
477,-22.5,0.0015832471987060877,0.001033380205807992
478,-21.5,0.0015757966560641418,0.0010009367691609628
479,-20.5,0.0015687444404453407,0.0010189167048274674
480,-19.5,0.001562080533576763,0.0009777139625223477
481,-18.5,0.0015557955957845263,0.0010022622486834784
482,-17.5,0.001549880930827251,0.0009462077622946638
483,-16.5,0.001544328453724636,0.0009810950269775658
484,-15.5,0.0015391306613553937,0.0008962067605131546
485,-14.5,0.0015342806056042589,0.000950550199673465
486,-13.5,0.0015297718688733002,0.0007939477071047621
487,-12.5,0.0015255985417902155,0.0009019172902427143
488,-11.5,0.0015217552029525093,0.000429897450654039
489,-10.5,0.001518236900584138,0.0010850142375742077
490,-9.5,0.0015150391359754058,0.08059512760492271
491,-8.5,0.001512157848602196,0.00270257843086996
492,-7.5,0.0015095894028294182,0.0012186837927880053
493,-6.5,0.0015073305761149735,0.0014909737981089993
494,-5.5,0.0015053785486364654,0.0011290190983074325
495,-4.5,0.0015037308942864407,0.001394703068655218
496,-3.5,0.0015023855729700034,0.000983060202853338
497,-2.5,0.0015013409241674488,0.001567884586166915
498,-1.5,0.0015005956617146158,0.0003663200542041841
499,-0.5,0.0015001488697791924,0.004409553693030157
500,0.5,0.0014999999999999285,0.31947587224420865
501,1.5,0.0015001488697791933,0.004409553693030154
502,2.5,0.0015005956617146154,0.00036632005420418433
503,3.5,0.00150134092416745,0.0015678845861669159
504,4.5,0.0015023855729700063,0.000983060202853336
505,5.5,0.0015037308942864418,0.0013947030686552178
506,6.5,0.001505378548636464,0.0011290190983074314
507,7.5,0.0015073305761149724,0.001490973798108999
508,8.5,0.0015095894028294176,0.0012186837927880053
509,9.5,0.0015121578486021958,0.002702578430869959
510,10.5,0.0015150391359754088,0.08059512760492271
511,11.5,0.0015182369005841384,0.0010850142375742075
512,12.5,0.0015217552029525051,0.00042989745065403806
513,13.5,0.001525598541790216,0.0009019172902427148
514,14.5,0.0015297718688733015,0.0007939477071047621
515,15.5,0.001534280605604258,0.0009505501996734646
516,16.5,0.0015391306613553937,0.0008962067605131547
517,17.5,0.0015443284537246364,0.0009810950269775658
518,18.5,0.0015498809308272473,0.000946207762294662
519,19.5,0.001555795595784526,0.0010022622486834764
520,20.5,0.0015620805335767834,0.000977713962522358
521,21.5,0.0015687444404453403,0.0010189167048274658
522,22.5,0.0015757966560641429,0.0010009367691609613
523,23.5,0.0015832471987060873,0.0010333802058079922
524,24.5,0.0015911068036819952,0.0010200264609354901
525,25.5,0.001599386965332528,0.001046865375422998
526,26.5,0.0016080999829163713,0.0010370023167102563
527,27.5,0.0016172590107592765,0.001060070274319302
528,28.5,0.0016268781130744732,0.001052979769841725
529,29.5,0.0016369723239263005,0.0010734355842922472
530,30.5,0.0016475577128593215,0.001068640337185973
531,31.5,0.001658651456770958,0.0010872656916369396
532,32.5,0.0016702719187056028,0.001084439010049067
533,33.5,0.001682438734299623,0.0011017905094223136
534,34.5,0.0016951729067366244,0.001100706104493039
535,35.5,0.0017084969111618431,0.0011171995121052208
536,36.5,0.001722434809639708,0.0011177018277754816
537,37.5,0.0017370123778971604,0.001133661929522723
538,38.5,0.0017522572452399051,0.001135647879216918
539,39.5,0.0017681990492733211,0.001151339749980303
540,40.5,0.0017848696072381796,0.001154747233981858
541,41.5,0.0018023031060862462,0.0011703969301232742
542,42.5,0.0018205363137141742,0.001175197645061504
543,43.5,0.0018396088141476384,0.0011910066779633353
544,44.5,0.0018595632699172126,0.0011972018271108225
545,45.5,0.0018804457153722186,0.001213357928398842
546,46.5,0.0019023058852899043,0.0012209760468913423
547,47.5,0.0019251975838864596,0.0012376617674115177
548,48.5,0.001949179100178217,0.0012467582378925738
549,49.5,0.001974313676713574,0.0012641584032524265
550,50.5,0.0020006700399328847,0.001274816476346306
551,51.5,0.0020283230019490805,0.001293125250910207
552,52.5,0.0020573541453837198,0.0013054585671026645
553,53.5,0.0020878526051487122,0.0013248867594557183
554,54.5,0.0021199159638459605,0.0013390435357666817
555,55.5,0.0021536512808572267,0.0013598267692306598
556,56.5,0.002189176279449566,0.0013759959986263989
557,57.5,0.0022266207215267605,0.001398404460171439
558,58.5,0.0022661280062880205,0.001416824709493609
559,59.5,0.0023078570374928963,0.0014411753952524363
560,60.5,0.0023519844147573583,0.0014621471276191345
561,61.5,0.0023987070180725664,0.001488819869579136
562,62.5,0.0024482450725889717,0.0015127227379560103
563,63.5,0.002500845803998474,0.00154218191802802
564,64.5,0.002556787825574373,0.0015694993146118349
565,65.5,0.0026163864388788565,0.0016023242278884896
566,66.5,0.002680000085249492,0.0016336787812414974
567,67.5,0.0027480382603353314,0.0016706074459161074
568,68.5,0.002820971307651578,0.001706813624941074
569,69.5,0.002899342652309278,0.001748808147184467
570,70.5,0.0029837842423669496,0.0017909526638668232
571,71.5,0.0030750362633208293,0.0018393005230523574
572,72.5,0.0031739726297038556,0.0018888700153527492
573,73.5,0.0032816344158369025,0.0019453481545443666
574,74.5,0.0033992743971104477,0.0020044417960163713
575,75.5,0.003528417460058614,0.002071597250658493
576,76.5,0.0036709442020839774,0.0021433024819938404
577,77.5,0.003829209309034503,0.0022249659722859143
578,78.5,0.004006213652130338,0.002314075098100727
579,79.5,0.0042058622216952415,0.002416386876839234
580,80.5,0.004433364705540284,0.0025309079905844914
581,81.5,0.004695884254213869,0.002664620695264778
582,82.5,0.005003642225852291,0.0028194311721558697
583,83.5,0.005371917485951768,0.0030059954958216624
584,84.5,0.005824948294133495,0.003233603543234898
585,85.5,0.006404316423585355,0.0035256959375303686
586,86.5,0.007189412981520653,0.0039194983422259095
587,87.5,0.008357202251374287,0.0045057904482739535
588,88.5,0.010412524492516907,0.005534868281490084
589,89.5,0.01568282142578253,0.008172410577613498
590,90.5,0.12929629995332143,0.06498073100743645
591,91.5,0.005684504531017103,0.0025072740474821687
592,92.5,0.0014141889828803416,0.0010438209548129533
593,93.5,0.004311056239344176,0.002494661976025572
594,94.5,0.0064713060867506635,0.0035767056164600426
595,95.5,0.0086859679262932,0.004686460893535263
596,96.5,0.011484495918671163,0.006087818252205021
597,97.5,0.01570067283196111,0.008198354759023474
598,98.5,0.023548552698159003,0.012124567682379567
599,99.5,0.045113011828396214,0.022909275746783336
600,100.5,0.4924069096822521,0.24655868311642545
601,101.5,0.05385034057200074,0.02656742622114407
602,102.5,0.02479031288033939,0.012034761767707333
603,103.5,0.015550571767635404,0.007412331147713003
604,104.5,0.010826942945943172,0.005047666308239571
605,105.5,0.007766818322854115,0.0035149924732231614
606,106.5,0.005376467972433105,0.0023167583807754645
607,107.5,0.003072185400401787,0.0011619466619024825
608,108.5,7.833995067613242e-05,0.00033825322871035393
609,109.5,0.006412285045327023,0.0035863028479372733
610,110.5,0.11736804075420175,0.05906768706438862
611,111.5,0.01983281777795117,0.009529930213112613
612,112.5,0.011408918158597597,0.005314232597379555
613,113.5,0.008597548275556114,0.0039056521440511004
614,114.5,0.007104193806853928,0.00315497198056064
615,115.5,0.0061401607371669,0.0026699671931075864
616,116.5,0.005448291513702154,0.0023197592656055217
617,117.5,0.004918251755659785,0.0020516485194506844
618,118.5,0.004494081113087372,0.0018350024688633558
619,119.5,0.004143973590030591,0.001656744589543129
620,120.5,0.003848294174741707,0.0015040377399522314
621,121.5,0.003594138972973301,0.0013736312515148074
622,122.5,0.0033726036117231314,0.0012576688007160304
623,123.5,0.003177299477871059,0.0011565505365475738
624,124.5,0.003003495314931728,0.0010641023383603629
625,125.5,0.0028475942393317855,0.0009825345740806684
626,126.5,0.0027068010448650774,0.0009062139560964183
627,127.5,0.0025789026745048444,0.0008384814318522614
628,128.5,0.0024621187566705154,0.0007737577547679442
629,129.5,0.002354997050896517,0.000716230788054115
630,130.5,0.0022563385616586468,0.0006601286289863484
631,131.5,0.0021651427779893102,0.0006103633548746619
632,132.5,0.002080566889182479,0.0005608235371548792
633,133.5,0.002001894910279188,0.0005170982729659873
634,134.5,0.0019285139661531436,0.00047263427563255106
635,135.5,0.0018598958340800306,0.0004336909324130286
636,136.5,0.0017955824078017535,0.00039319061787031163
637,137.5,0.0017351741263736866,0.00035808117546974106
638,138.5,0.0016783206725670058,0.0003206856490090476
639,139.5,0.0016247134285577495,0.0002886762527108902
640,140.5,0.0015740793064931457,0.00025370219946257354
641,141.5,0.0015261756651418358,0.00022421063334558837
642,142.5,0.0014807860921100435,0.00019109835807406642
643,143.5,0.0014377168815526828,0.00016365172298567888
644,144.5,0.0013967940749865118,0.00013192895054362245
645,145.5,0.0013578609612422273,0.00010613400868850275
646,146.5,0.0013207759532606464,7.538959199412383e-05
647,147.5,0.0012854107761014022,5.091126154633106e-05
648,148.5,0.001251648913430718,2.0775175916756202e-05
649,149.5,0.0012193842698850726,2.6796508128832837e-06
650,150.5,0.00118852001461123,3.2552392997262496e-05
651,151.5,0.0011589675776102007,5.524755955299662e-05
652,152.5,0.0011306457755515733,8.519073021158306e-05
653,153.5,0.001103480047722421,0.0001073713365410135
654,154.5,0.0010774017860737614,0.00013772032433372516
655,155.5,0.0010523477459576324,0.00015962201572968437
656,156.5,0.0010282595263090884,0.0001907267850119164
657,157.5,0.001005083109810448,0.00021258460531319785
658,158.5,0.0009827684550226168,0.0002448239168003952
659,159.5,0.0009612691336997563,0.000266881485592988
660,160.5,0.0009405420074846574,0.0003006797184283002
661,161.5,0.0009205469390410286,0.0003231995777703747
662,162.5,0.0009012465333839049,0.00035904793679010825
663,163.5,0.0008826059057471388,0.0003823241493272198
664,164.5,0.0008645924728404174,0.00042080885225216684
665,165.5,0.0008471757647735564,0.00044518339400992076
666,166.5,0.0008303272552680226,0.0004870248670242996
667,167.5,0.0008140202081128706,0.0005129102007229194
668,168.5,0.0007982295380536469,0.0005590198794115275
669,169.5,0.0007829316845526223,0.0005869316372896446
670,170.5,0.0007681044970364369,0.0006384977332098276
671,171.5,0.0007537271304247072,0.0006691043577194944
672,172.5,0.0007397799498724912,0.0007277272248499354
673,173.5,0.0007262444437842905,0.0007619292208839505
674,174.5,0.0007131031442719553,0.0008298461552382932
675,175.5,0.0007003395543154987,0.0008689099210478458
676,176.5,0.0006879380809733353,0.0009493921025227618
677,177.5,0.0006758839740652148,0.0009951916129727326
678,178.5,0.0006641632698004358,0.0010933011113262404
679,179.5,0.0006527627388957638,0.0011487926833122432
680,180.5,0.0006416698387685393,0.0012729784531270015
681,181.5,0.0006308726694341823,0.0013432417416121463
682,182.5,0.000620359932767829,0.0015091954910764086
683,183.5,0.0006101208948503687,0.0016040848416137682
684,184.5,0.000600145351110896,0.0018460700295379671
685,185.5,0.0005904235940345369,0.0019885833393943216
686,186.5,0.0005809463832134592,0.0024047308914568683
687,187.5,0.000571704917550909,0.002667462867573419
688,188.5,0.0005626908094248697,0.003746656972307316
689,189.5,0.0005538960606689586,0.004358113714291867
690,190.5,0.0005453130402079879,0.027042264101060615
691,191.5,0.0005369344632252592,0.004234896093340462
692,192.5,0.0005287533717347663,9.571517819560943e-05
693,193.5,0.0005207631164526299,0.0009059618136396493
694,194.5,0.0005129573398647014,0.002059222040303556
695,195.5,0.0005053299603981717,0.0025981603261325363
696,196.5,0.0004978751576159257,0.004016404996386237
697,197.5,0.0004905873583579733,0.0049197479882688
698,198.5,0.000483461223754113,0.008783190717941192
699,199.5,0.00047649163705455776,0.011184932663625115
700,200.5,0.0004696736922051183,0.09988096168183877
701,201.5,0.00046300268312809414,0.026455386664139165
702,202.5,0.0004564740936490786,0.009590847466079345
703,203.5,0.0004500835880281776,0.0069461814182755115
704,204.5,0.00044382700205265106,0.0044410143922564115
705,205.5,0.0004377003346537161,0.00362287016195484
706,206.5,0.0004316997400104973,0.002402308651689765
707,207.5,0.00042582152010739764,0.0018494817883280097
708,208.5,0.00042006211771808275,0.00041105615605289156
709,209.5,0.0004144181097864768,0.00043576753491326764
710,210.5,0.000408886201171756,0.022581051190333535
711,211.5,0.00040346321875044474,0.00906842726758574
712,212.5,0.0003981461058316187,0.004462402842918929
713,213.5,0.0003929319168858764,0.0036822378618377788
714,214.5,0.0003878178125486182,0.0029245854693200047
715,215.5,0.00038280105489816105,0.002667227958765523
716,216.5,0.0003778790029810811,0.002317959861273405
717,217.5,0.0003730491085715159,0.0021777053675445567
718,218.5,0.00036830891215198,0.001962783277852017
719,219.5,0.00036365603910090867,0.0018700268635596764
720,220.5,0.0003590881960750601,0.0017193925477366923
721,221.5,0.00035460316757670923,0.0016516889701390161
722,222.5,0.0003501988126905672,0.0015381798031641936
723,223.5,0.0003458730619867611,0.0014857574283696974
724,224.5,0.00034162391457435477,0.0013962007100498327
725,225.5,0.00033744943529887954,0.0013539842375781064
726,226.5,0.0003333477520789445,0.0012810392904799867
727,227.5,0.0003293170533684667,0.001246071242326897
728,228.5,0.0003253555857412078,0.0011852452738916838
729,229.5,0.00032146165159051233,0.0011556583677741002
730,230.5,0.00031763360693674636,0.001104010961601053
731,231.5,0.0003138698593373666,0.0010785548813581965
732,232.5,0.0003101688658925338,0.0010340627124562263
733,233.5,0.000306529131345311,0.0010118618998607586
734,234.5,0.0003029492062649065,0.0009730775799434269
735,235.5,0.0002994276853163419,0.0009534969009899008
736,236.5,0.0002959632056040372,0.0009193524703360714
737,237.5,0.00029255444509128744,0.0009019178741233016
738,238.5,0.00028920012108855057,0.0008716051432326105
739,239.5,0.00028589898881065334,0.0008559543755928389
740,240.5,0.0002826498399940384,0.0008288487063258965
741,241.5,0.00027945150157601456,0.0008146994021530537
742,242.5,0.0002763028344279812,0.0007903093193487347
743,243.5,0.00027320273214883093,0.0007774376227236007
744,244.5,0.00027015011989830074,0.0007553704465763679
745,245.5,0.0002671439532954315,0.000743596262262056
746,246.5,0.000264183217345056,0.0007235340369633432
747,247.5,0.00026126692542619825,0.0007127105997316091
748,248.5,0.0002583941183060767,0.0006943928435861142
749,249.5,0.0002555638632101902,0.000684399180238496
750,250.5,0.0002527752529156496,0.0006676102754592223
751,251.5,0.00025002740489220244,0.0006583456533728222
752,252.5,0.00024731946047168365,0.0006429054648132724
753,253.5,0.00024465058405083613,0.0006342852346304466
754,254.5,0.0002420199623309453,0.0006200420215397724
755,255.5,0.00023942680357988587,0.0006119944572463337
756,256.5,0.00023687033692757192,0.0005988194428914451
757,257.5,0.0002343498116898656,0.0005912833077258259
758,258.5,0.0002318644967145367,0.0005790664670460052
759,259.5,0.00022941367975506073,0.0005719891157994689
760,260.5,0.00022699666686610412,0.0005606358709842794
761,261.5,0.00022461278182679524,0.0005539717541920912
762,262.5,0.00022226136557845276,0.0005434003559393252
763,263.5,0.00021994177569057438,0.0005371098290052062
764,264.5,0.00021765338583936333,0.0005272492618337805
765,265.5,0.0002153955853128217,0.0005212976281676933
766,266.5,0.00021316777852842006,0.0005120859206574775
767,267.5,0.0002109693845725957,0.0005064426562917196
768,268.5,0.00020879983675208783,0.000497825507367744
769,269.5,0.0002066585821672794,0.0004924636276665543
770,270.5,0.00020454508129404304,0.0004843932818653447
771,271.5,0.00020245880758769754,0.00047928882046755546
772,272.5,0.00020039924709373277,0.0004717231410601335
773,273.5,0.00019836589808662646,0.00046685471820670656
774,274.5,0.00019635827068884947,0.00045975641884566125
775,275.5,0.00019437588655141265,0.0004551048814119655
776,276.5,0.00019241827849750368,0.00044844088574512333
777,277.5,0.0001904849902153119,0.00044398900521999316
778,278.5,0.00018857557593177812,0.0004377299105858674
779,279.5,0.00018668960012589614,0.00043346212814605775
780,280.5,0.0001848266372246032,0.0004275817544996361
781,281.5,0.00018298627133194698,0.00042348396461593037
782,282.5,0.0001811680959513787,0.000417958973738222
783,283.5,0.0001793717137251303,0.0004140183394514399
784,284.5,0.00017759673617638087,0.00040882791249734077
785,285.5,0.000175842783469614,0.00040503270685550153
786,286.5,0.00017410948416868185,0.0004001582706583763
787,287.5,0.00017239647500954055,0.000396497739865787
788,288.5,0.00017070340067180283,0.0003919227342711315
789,289.5,0.00016902991357494989,0.000388386978895451
790,290.5,0.00016737567365325873,0.00038409665885988516
791,291.5,0.00016574034816993182,0.0003806765301239068
792,292.5,0.00016412361151594047,0.00037665779751450536
793,293.5,0.00016252514501591275,0.00037334480621004036
794,294.5,0.00016094463674944532,0.00036958606717429654
795,295.5,0.00015938178137479332,0.00036637230311357277
796,296.5,0.0001578362799544722,0.00036286334767984693
797,297.5,0.00015630783978831702,0.00035974140798813314
798,298.5,0.00015479617425225663,0.0003564733091886839
799,299.5,0.00015330100264314355,0.00035343623394735145
800,300.5,0.00015182205002423668,0.000350401264300467
801,301.5,0.0001503590470790957,0.00034744247829234843
802,302.5,0.00014891172996980135,0.00034463404192726333
803,303.5,0.00014747984019918253,0.0003417473013930884
804,304.5,0.00014606312446443695,0.0003391598805035915
805,305.5,0.0001446613345517519,0.0003363392239308115
806,306.5,0.000143274227185737,0.0003339683385872412
807,307.5,0.00014190156391454721,0.0003312080406883562
808,308.5,0.00014054311099379258,0.000329050221337261
809,309.5,0.0001391986392695547,0.00032634474939600814
810,310.5,0.00013786792406309992,0.0003243975217298712
811,311.5,0.000136550745062854,0.0003217414935806772
812,312.5,0.00013524688621862949,0.0003200033756732426
813,313.5,0.00013395613564049112,0.00031739151858361055
814,314.5,0.00013267828549295193,0.0003158620305573742
815,315.5,0.00013141313190612845,0.0003132891402866933
816,316.5,0.00013016047487243,0.0003119688270388337
817,317.5,0.00012892011816150034,0.00030942972632465554
818,318.5,0.00012769186922538515,0.00030832019420295705
819,319.5,0.00012647553911574139,0.0003058096898763848
820,320.5,0.00012527094239778372,0.00030491365858345933
821,321.5,0.0001240778970701532,0.00030242649644555633
822,322.5,0.00012289622447735603,0.00030174786788882103
823,323.5,0.00012172574924413043,0.0002992786843481459
824,324.5,0.00012056629919042844,0.0002988226306929609
825,325.5,0.00011941770526073992,0.00029636590004280926
826,326.5,0.0001182798014533286,0.00029613897387431435
827,327.5,0.00011715242474997172,0.000293688949848525
828,328.5,0.00011603541504759087,0.0002936992201607579
829,329.5,0.00011492861509258701,0.0002912498701588778
830,330.5,0.00011383187041689092,0.00029150708887900603
831,331.5,0.00011274502927576338,0.0002890520188877342
832,332.5,0.00011166794258437057,0.00028956782393917255
833,333.5,0.00011060046386191587,0.0002871001916968404
834,334.5,0.00010954244917211103,0.00028788835423110916
835,335.5,0.00010849375706523528,0.00028540076757459384
836,336.5,0.00010745424852698941,0.0002864774931390327
837,337.5,0.00010642378692133913,0.00028396188963356094
838,338.5,0.00010540223794060798,0.00028534618582877805
839,339.5,0.0001043894695547238,0.00028279368868212564
840,340.5,0.00010338535195949794,0.0002845078155579958
841,341.5,0.0001023897575311896,0.00028190855933149213
842,342.5,0.00010140256077792911,0.00028397858372612624
843,343.5,0.00010042363829343919,0.00028132150132342143
844,344.5,9.94528687142269e-05,0.00028377798305451147
845,345.5,9.849013267288616e-05,0.0002810505426704042
846,346.5,9.753531275918817e-05,0.00028392938969510397
847,347.5,9.658829347511077e-05,0.00028111726651243045
848,348.5,9.564896119713964e-05,0.00028446080894704726
849,349.5,9.471720413514526e-05,0.0002815474708541134
850,350.5,9.379291229284965e-05,0.00028540582175569536
851,351.5,9.287597743497258e-05,0.0002823720004295564
852,352.5,9.196629304399394e-05,0.0002868047970121624
853,353.5,9.106375428667331e-05,0.0002836278041681515
854,354.5,9.016825798414856e-05,0.00028870646057779266
855,355.5,8.927970256924343e-05,0.0002853592919805015
856,356.5,8.83979880587204e-05,0.0002911699503246366
857,357.5,8.752301601935894e-05,0.0002876200940320108
858,358.5,8.665468953599985e-05,0.0002942675443158969
859,359.5,8.57929131805073e-05,0.0002904753690763781
860,360.5,8.49375929804982e-05,0.0002980883386854034
861,361.5,8.408863639215563e-05,0.00029400487363917093
862,362.5,8.324595226845848e-05,0.0003027432933620478
863,363.5,8.240945083218475e-05,0.00029830710388988795
864,364.5,8.157904364883018e-05,0.00030837229474563497
865,365.5,8.075464359856369e-05,0.0003035049786237244
866,366.5,7.993616484947072e-05,0.00031515427362997057
867,367.5,7.912352283338909e-05,0.0003097537826215648
868,368.5,7.831663421910107e-05,0.0003233220979442563
869,369.5,7.751541688843415e-05,0.0003172525006345563
870,370.5,7.671978991168943e-05,0.00033318520604765176
871,371.5,7.592967352378691e-05,0.00032626036019312666
872,372.5,7.514498910261619e-05,0.00034516534704932063
873,373.5,7.436565914463908e-05,0.0003371215704129371
874,374.5,7.359160724400362e-05,0.00035985571391140543
875,375.5,7.282275806996778e-05,0.0003503032209029987
876,376.5,7.205903734744107e-05,0.0003781246164243981
877,377.5,7.13003718339218e-05,0.000366454422943644
878,378.5,7.054668930118201e-05,0.00040131113642025195
879,379.5,6.979791851470684e-05,0.0003864980657567502
880,380.5,6.905398921535749e-05,0.0004316317417535453
881,381.5,6.831483209585459e-05,0.0004117581525566616
882,382.5,6.758037879107078e-05,0.0004731436052728519
883,383.5,6.685056184959296e-05,0.0004440087576387377
884,384.5,6.612531472428901e-05,0.0005344988808176194
885,385.5,6.540457174859347e-05,0.00048419892762911905
886,386.5,6.468826812562729e-05,0.000639527913904203
887,387.5,6.397633990541208e-05,0.000513140984989358
888,388.5,6.326872397248548e-05,0.0008989143714691802
889,389.5,6.25653580274898e-05,0.0003465847505762008
890,390.5,6.186618057263189e-05,0.005587978879801497
891,391.5,6.117113089614658e-05,0.0020202631353305246
892,392.5,6.048014905828807e-05,0.00016432217796117136
893,393.5,5.979317587427191e-05,7.061709979152569e-05
894,394.5,5.911015290110322e-05,0.0005433207751731164
895,395.5,5.843102242266962e-05,0.0003827593926296744
896,396.5,5.7755727436966226e-05,0.0009156672672753915
897,397.5,5.70842116420486e-05,0.0004796005613869787
898,398.5,5.641641942174762e-05,0.0018217483963184047
899,399.5,5.5752295832793705e-05,0.0029627024708717025
900,400.5,5.509178659230131e-05,0.020251475225157863
901,401.5,5.443483806525008e-05,0.01015446960076896
902,402.5,5.378139725186614e-05,0.0016935933725863554
903,403.5,5.313141177622513e-05,0.001795912167405611
904,404.5,5.2484829872477826e-05,0.0007119904377923944
905,405.5,5.184160037510766e-05,0.0008209029505956485
906,406.5,5.120167270509757e-05,0.0003274294954894329
907,407.5,5.056499686150562e-05,0.00047742872902225485
908,408.5,4.993152340880686e-05,4.259747857890813e-05
909,409.5,4.9301203465783116e-05,0.001156331826647494
910,410.5,4.8673988695418247e-05,0.004704720674445456
911,411.5,4.804983129312005e-05,0.0029452359443931414
912,412.5,4.742868397967393e-05,0.0007064668951013219
913,413.5,4.681049998701232e-05,0.0007403284662112151
914,414.5,4.619523305299142e-05,0.000422274767677981
915,415.5,4.55828374077093e-05,0.0004522014672099628
916,416.5,4.497326776462324e-05,0.0003112231170124139
917,417.5,4.4366479310189956e-05,0.00033197457509871937
918,418.5,4.376242769880413e-05,0.0002469541513161275
919,419.5,4.316106903889459e-05,0.0002622354718581025
920,420.5,4.256235988805727e-05,0.0002035027628736282
921,421.5,4.196625724090132e-05,0.00021534239524079364
922,422.5,4.137271852327877e-05,0.0001716331966202174
923,423.5,4.078170158069523e-05,0.00018114924717929157
924,424.5,4.0193164671795066e-05,0.00014706661294226615
925,425.5,3.9607066461432605e-05,0.00015492465412882575
926,426.5,3.9023366009491584e-05,0.00012748395298717709
927,427.5,3.844202276499706e-05,0.00013410783672326363
928,428.5,3.786299655813679e-05,0.00011149183355709021
929,429.5,3.7286247591103125e-05,0.00011716632458997807
930,430.5,3.6711736433521466e-05,9.819019396569361e-05
931,431.5,3.613942401130896e-05,0.00010311487431568127
932,432.5,3.556927160293435e-05,8.696573668795333e-05
933,433.5,3.500124082862411e-05,9.128530274557098e-05
934,434.5,3.4435293646169004e-05,7.738308582575563e-05
935,435.5,3.3871392341837785e-05,8.12053738044684e-05
936,436.5,3.3309499524999654e-05,6.912298350265663e-05
937,437.5,3.274957812073072e-05,7.253021332257084e-05
938,438.5,3.2191591363705384e-05,6.194507190093302e-05
939,439.5,3.1635502788567865e-05,6.500114364319938e-05
940,440.5,3.1081276228289824e-05,5.566439519667081e-05
941,441.5,3.052887580336588e-05,5.841978441874507e-05
942,442.5,2.9978265919782972e-05,5.0135976197257145e-05
943,443.5,2.9429411256805732e-05,5.263111283997532e-05
944,444.5,2.8882276768102457e-05,4.524435911909494e-05
945,445.5,2.8336827668412865e-05,4.751201738504691e-05
946,446.5,2.779302943410959e-05,4.089632171500724e-05
947,447.5,2.7250847791276474e-05,4.2963346620482854e-05
948,448.5,2.671024871795508e-05,3.7015674747845404e-05
949,449.5,2.6171198425049775e-05,3.8904252798912194e-05
950,450.5,2.5633663365739032e-05,3.353947398451864e-05
951,451.5,2.509761021998415e-05,3.5268083752598845e-05
952,452.5,2.4563005892167496e-05,3.0415210862776668e-05
953,453.5,2.4029817506760705e-05,3.1999344449931146e-05
954,454.5,2.349801239873462e-05,2.75986954558377e-05
955,455.5,2.2967558113372807e-05,2.905141315750185e-05
956,456.5,2.243842239771881e-05,2.5052438196193215e-05
957,457.5,2.1910573195401037e-05,2.6384799831560412e-05
958,458.5,2.138397864420746e-05,2.2744396861214238e-05
959,459.5,2.0858607066164118e-05,2.3965800632132896e-05
960,460.5,2.0334426968522392e-05,2.064699500839041e-05
961,461.5,1.9811407032013482e-05,2.1765446119790265e-05
962,462.5,1.928951611183688e-05,1.8736344812270877e-05
963,463.5,1.8768723230368426e-05,1.9758670106480128e-05
964,464.5,1.8248997569803803e-05,1.6991625675618754e-05
965,465.5,1.7730308472392765e-05,1.792364631125597e-05
966,466.5,1.7212625432133008e-05,1.539458285263587e-05
967,467.5,1.669591808943119e-05,1.6241254022152196e-05
968,468.5,1.6180156231064243e-05,1.3929119439185208e-05
969,469.5,1.5665309778682378e-05,1.469464394269365e-05
970,470.5,1.5151348791081122e-05,1.2580961669208789e-05
971,471.5,1.4638243454644224e-05,1.3268882530979791e-05
972,472.5,1.4125964081637625e-05,1.1337382223597443e-05
973,473.5,1.3614481103491456e-05,1.1950658350430741e-05
974,474.5,1.3103765069054265e-05,1.0186969799003473e-05
975,475.5,1.2593786636452315e-05,1.0728037776096851e-05
976,476.5,1.2084516575478246e-05,9.119435799516639e-06
977,477.5,1.1575925751569143e-05,9.59026023045703e-06
978,478.5,1.1067985135964525e-05,8.125450996388744e-06
979,479.5,1.0560665788665953e-05,8.527565276330949e-06
980,480.5,1.0053938862202106e-05,7.196506493120067e-06
981,481.5,9.547775594180086e-06,7.5310454908133406e-06
982,482.5,9.042147302716266e-06,6.324794496391487e-06
983,483.5,8.537025384781643e-06,6.592520290715105e-06
984,484.5,8.03238130817546e-06,5.503105247627628e-06
985,485.5,7.528186610834984e-06,5.704426831284895e-06
986,486.5,7.024412895377386e-06,4.724737188591305e-06
987,487.5,6.521031824043072e-06,4.859724817807397e-06
988,488.5,6.018015116833331e-06,3.983417938061536e-06
989,489.5,5.515334544302331e-06,4.0518126571828655e-06
990,490.5,5.012961927396605e-06,3.2732340872128246e-06
991,491.5,4.510869129217308e-06,3.274452806663586e-06
992,492.5,4.009028052351201e-06,2.5885681544749707e-06
993,493.5,3.507410640882841e-06,2.5217045355549772e-06
994,494.5,3.005988863409081e-06,1.924041269800106e-06
995,495.5,2.5047347205937782e-06,1.7878625663490028e-06
996,496.5,2.0036202378398618e-06,1.274460387822227e-06
997,497.5,1.5026174584520935e-06,1.0674002824929083e-06
998,498.5,1.0016984432460813e-06,6.347689400740262e-07
999,499.5,5.008352636035499e-07,3.549163441521375e-07
