,Tempo,Amplitude(V),Mensagem
0,0.0,1.0,1.0
1,0.001001001001001001,0.8082473306107362,0.9995055720856215
2,0.002002002002002002,0.3072117914804839,0.9980227772604111
3,0.003003003003003003,-0.3094287862114971,0.9955530817946746
4,0.004004004004004004,-0.8040894117522832,0.9920989278611685
5,0.005005005005005005,-0.9876588474365227,0.9876637311201433
6,0.006006006006006006,-0.7924740595461426,0.9822518773417481
7,0.007007007007007007,-0.29747099793946546,0.9758687180691361
8,0.008008008008008008,0.30392018372989277,0.9685205653265598
9,0.009009009009009009,0.7800123380512698,0.9602146853776895
10,0.01001001001001001,0.9509404828195528,0.9509592915403253
11,0.011011011011011011,0.757249845512078,0.9407635360646109
12,0.012012012012012012,0.2805927529742386,0.9296375010827771
13,0.013013013013013013,-0.29067734783706023,0.9175921886393665
14,0.014014014014014014,-0.7365223615536393,0.9046395098117981
15,0.015015015015015015,-0.8907526310282833,0.8907922729320283
16,0.016016016016016016,-0.7035331043250855,0.8760641709209582
17,0.017017017017017015,-0.25713480586657134,0.8604697677481078
18,0.018018018018018018,0.26988858144763744,0.8440244840299503
19,0.01901901901901902,0.6746096051250622,0.8267445817811464
20,0.02002002002002002,0.808583173069456,0.808647148333755
21,0.02102102102102102,0.6327345338366754,0.789750079440326
22,0.022022022022022022,0.22780904084708087,0.7700720615775812
23,0.023023023023023025,-0.24193788599447205,0.7496325534681825
24,0.024024024024024024,-0.5957256380356347,0.7284517668388609
25,0.025025025025025023,-0.706463306445053,0.7065506464339324
26,0.026026026026026026,-0.5466801483887864,0.6839508493039657
27,0.02702702702702703,-0.19346060341545063,0.6606747233900815
28,0.028028028028028028,0.20739865003624755,0.6367452854250606
29,0.029029029029029027,0.5017494780090325,0.6121861981731137
30,0.03003003003003003,0.5869172551419441,0.5870217470308187
31,0.031031031031031032,0.44756420129078034,0.5612768160123651
32,0.03203203203203203,0.1550440173481145,0.5349768631428518
33,0.03303303303303303,-0.16702234505977817,0.5081478952839693
34,0.03403403403403403,-0.39494281512018414,0.480816442416965
35,0.035035035035035036,-0.45289977632204015,0.453009531408314
36,0.036036036036036036,-0.33789320861518607,0.42475465928404793
37,0.037037037037037035,-0.11359695731148294,0.3960797660391569
38,0.03803803803803804,0.12172243774286426,0.3670132070089654
39,0.03903903903903904,0.2778955249908609,0.33758372482979226
40,0.04004004004004004,0.3077230133211179,0.30782042101662777
41,0.04104104104104104,0.2204225029094258,0.2777527271859307
42,0.04204204204204204,0.07021239119995772,0.24741037595200252
43,0.043043043043043044,-0.07255385576286995,0.21682337152571923
44,0.044044044044044044,-0.15346278533859364,0.18602196004469201
45,0.04504504504504504,-0.1549745086096329,0.15503659966419803
46,0.04604604604604605,-0.09808692424587342,0.123897930438455
47,0.04704704704704705,-0.026009836219640304,0.09263674402202741
48,0.04804804804804805,0.020688465200746773,0.06128395322131638
49,0.04904904904904905,0.024695324813915884,0.029870561426253387
50,0.050050050050050046,-0.0015715906249300117,-0.001572368047584414
51,0.05105105105105105,-0.026072605901083172,-0.033013742676113636
52,0.05205205205205205,-0.017893517143619087,-0.06442247147276806
53,0.05305305305305305,0.03261287156690366,-0.09576749573300392
54,0.05405405405405406,0.1052354892862044,-0.12701781974687876
55,0.055055055055055056,0.15804793308151402,-0.15814254144934087
56,0.056056056056056056,0.14898478840443394,-0.18911088297791617
57,0.057057057057057055,0.06041106875990287,-0.21989222110757758
58,0.058058058058058054,-0.0860309909195762,-0.25045611753269825
59,0.05905905905905906,-0.23311588200707184,-0.28077234896614933
60,0.06006006006006006,-0.31058965506115305,-0.310810937025771
61,0.06106106106106106,-0.26762404040330967,-0.3405421778786735
62,0.062062062062062065,-0.10051374439814834,-0.36993667161404314
63,0.06306306306306306,0.13822112765392763,-0.3989653513154161
64,0.06406406406406406,0.35576928755705284,-0.42759951180366895
65,0.06506506506506507,0.4554299918124257,-0.45581083802230127
66,0.06606606606606606,0.3790850911505819,-0.4835714330369443
67,0.06706706706706707,0.1372549344341948,-0.5108538456214087
68,0.06806806806806806,-0.1878468074244346,-0.5376310974029868
69,0.06906906906906907,-0.4701353764735936,-0.5638767095401777
70,0.07007007007007007,-0.5889934394786487,-0.5895647289064395
71,0.07107107107107107,-0.4806542376937137,-0.6146697537540923
72,0.07207207207207207,-0.1697928305648277,-0.6391669588329847
73,0.07307307307307308,0.23361407682488994,-0.6630321199390866
74,0.07407407407407407,0.5733465241233762,-0.6862416378687335
75,0.07507507507507508,0.7079841598640463,-0.7087725617548383
76,0.07607607607607608,0.569875509999908,-0.7306026117619886
77,0.07707707707707707,0.19740963365641084,-0.751710201117993
78,0.07807807807807808,-0.27430519426152716,-0.7720744574600862
79,0.07907907907907907,-0.6627998071327486,-0.7916752434746852
80,0.08008008008008008,-0.8094674387387928,-0.8104931768102921
81,0.08108108108108109,-0.6446101299095349,-0.8285096492438421
82,0.08208208208208208,-0.21952719656683853,-0.8457068450815559
83,0.08308308308308308,0.30881090552335594,-0.8620677587760914
84,0.08408408408408408,0.7362227178945654,-0.8775762117425776
85,0.08508508508508508,0.8909421812065893,-0.8922168683569036
86,0.08608608608608609,0.7030878225842531,-0.9059752511204399
87,0.08708708708708708,0.23571876633762534,-0.9188377549761959
88,0.08808808808808809,-0.33616045146532336,-0.930791660762262
89,0.0890890890890891,-0.7917309363987368,-0.941825147789225
90,0.09009009009009009,-0.9504026504580682,-0.9519273055291264
91,0.09109109109109109,-0.7439487483839379,-0.9610881444044027
92,0.0920920920920921,-0.2457165977632049,-0.9692986056661356
93,0.09309309309309309,0.35554850118652254,-0.9765505703518493
94,0.0940940940940941,0.8278766897467493,-0.9828368673139948
95,0.09509509509509509,0.9863879234820502,-0.9881512803111795
96,0.0960960960960961,0.7662750619846702,-0.992488554155135
97,0.0970970970970971,0.24941532206747247,-0.9958443999073396
98,0.0980980980980981,-0.3663582716181435,-0.9982154991201608
99,0.0990990990990991,-0.8436864582321358,-0.9995995071183216
100,0.10010010010010009,-0.9980178423545961,-0.9999950553174459
101,0.1011011011011011,-0.7696113679515194,-0.9994017525773913
102,0.1021021021021021,-0.24687106724907387,-0.9978201855890307
103,0.1031031031031031,0.36818018207121395,-0.9952519182940991
104,0.1041041041041041,0.8386870472433137,-0.9916994903386808
105,0.10510510510510511,0.9850145749853789,-0.9871664145618657
106,0.1061061061061061,0.7539736212607164,-0.9816571735220582
107,0.10710710710710711,0.23829643760958888,-0.9751772150643723
108,0.10810810810810811,-0.36082549802559066,-0.9677329469334989
109,0.1091091091091091,-0.8129193300991319,-0.9593317304373702
110,0.11011011011011011,-0.9477092563362802,-0.949981873167887
111,0.1111111111111111,-0.7198463103929521,-0.9396926207859085
112,0.11211211211211211,-0.2240515661583559,-0.9284741478786258
113,0.11311311311311312,0.3443345397658386,-0.9163375478983631
114,0.11411411411411411,0.7669392712263042,-0.9032948221927524
115,0.11511511511511512,0.8870335512613562,-0.8893588681371303
116,0.11611611611611611,0.668168052348784,-0.8745434663808944
117,0.11711711711711711,0.20463155227304192,-0.8588632672204262
118,0.11811811811811812,-0.3189791654449532,-0.8423337761120617
119,0.11911911911911911,-0.7018061543088312,-0.8249713383394303
120,0.12012012012012012,-0.8044963540536977,-0.8067931228503245
121,0.12112112112112113,-0.6003060159942114,-0.7878171052790868
122,0.12212212212212212,-0.18065068570102244,-0.7680620501712998
123,0.12312312312312312,0.2852593814756317,-0.7475474924283535
124,0.12412412412412413,0.6190582583591212,-0.7262937179902472
125,0.12512512512512514,0.7021462082353547,-0.7043217437757163
126,0.12612612612612611,0.5180198654079298,-0.6816532968995332
127,0.12712712712712712,0.1528239345356669,-0.658310793187519
128,0.12812812812812813,-0.24389408221941136,-0.634317315010528
129,0.12912912912912913,-0.5206765381465498,-0.6096965884593071
130,0.13013013013013014,-0.5825203839434724,-0.5844729598828149
131,0.13113113113113112,-0.4234161715773357,-0.5586713718131925
132,0.13213213213213212,-0.12194623736656253,-0.5323173383011922
133,0.13313313313313313,0.1958060719779522,-0.5054369196864645
134,0.13413413413413414,0.4090371662328259,-0.4780566968276358
135,0.13513513513513514,0.4485818806687703,-0.4502037448176736
136,0.13613613613613612,0.31889447258335063,-0.42190560621052026
137,0.13713713713713713,0.08887018696230883,-0.3931902637854796
138,0.13813813813813813,-0.14210167140556956,-0.3640861128762842
139,0.13913913913913914,-0.28685407444953626,-0.3346219332922016
140,0.14014014014014015,-0.303645921896635,-0.30482686085895305
141,0.14114114114114115,-0.2070863636779381,-0.2747303586075825
142,0.14214214214214213,-0.05448272360351815,-0.2443621876397672
143,0.14314314314314314,0.08404535377199567,-0.21375237769837563
144,0.14414414414414414,0.1571128859376797,-0.18293119747238726
145,0.14514514514514515,0.1512977679809781,-0.15192912466551595
146,0.14614614614614616,0.09078916453912815,-0.1207768158581612
147,0.14714714714714713,0.01968147000436486,-0.0895050761924673
148,0.14814814814814814,-0.02302999023124798,-0.05814482891047624
149,0.14914914914914915,-0.02299784842936267,-0.026727084775504988
150,0.15015015015015015,0.004696112085891711,0.004717088593032201
151,0.15115115115115116,0.02710416246443243,0.03615659744101941
152,0.15215215215215216,0.014648663438026037,0.06756035262687816
153,0.15315315315315314,-0.0394565961839689,0.09889730036424894
154,0.15415415415415415,-0.11218644031218285,0.1301364529297071
155,0.15515515515515516,-0.16048130575746633,0.16124691930515198
156,0.15615615615615616,-0.14367708490080908,0.19219793572457283
157,0.15715715715715717,-0.047657994169304774,0.22295889609497738
158,0.15815815815815815,0.10186796400178676,0.25349938226140434
159,0.15915915915915915,0.24509658770784643,0.2837891940860967
160,0.16016016016016016,0.31221084581735775,0.31379837931207877
161,0.16116116116116116,0.2560617655903835,0.34349726318162277
162,0.16216216216216217,0.07855313055192828,0.3728564777803084
163,0.16316316316316315,-0.16263738556137536,0.4018469910776504
164,0.16416416416416416,-0.3724332263008101,0.4304401356355976
165,0.16516516516516516,-0.45614035866049685,0.4586076369564906
166,0.16616616616616617,-0.3615097272303805,0.4863216414424667
167,0.16716716716716717,-0.1066160595332991,0.5135547439386519
168,0.16816816816816815,0.22021722643435068,0.5402800148329067
169,0.16916916916916916,0.49102304364960847,0.5664710266853338
170,0.17017017017017017,0.5887206149167066,0.5921018803612005
171,0.17117117117117117,0.4574591723478577,0.6171472306414548
172,0.17217217217217218,0.1312207992301351,0.6415823112854881
173,0.17317317317317318,-0.27311838102387703,0.6653829595213794
174,0.17417417417417416,-0.597897979630175,0.6885256399393918
175,0.17517517517517517,-0.7066851911922912,0.710987467765102
176,0.17617617617617617,-0.5415973071087904,0.7327462314891398
177,0.17717717717717718,-0.15184723110957332,0.7537804148311696
178,0.1781781781781782,0.319948758961108,0.774069218016391
179,0.17917917917917917,0.6903696117582736,0.7935925783435143
180,0.18018018018018017,0.8071310743472941,0.8123311900238854
181,0.18118118118118118,0.6119161505964594,0.8302665232721205
182,0.18218218218218218,0.16809180969770846,0.8473808426293961
183,0.1831831831831832,-0.3594498281761677,0.8636572245012606
184,0.1841841841841842,-0.7660968618411567,0.879079573892629
185,0.18518518518518517,-0.8875902160994221,0.8936326403234122
186,0.18618618618618618,-0.6667604813038378,0.9073020329090443
187,0.1871871871871872,-0.17967493749536548,0.920074234590991
188,0.1881881881881882,0.39053025744254843,0.9319366155031737
189,0.1891891891891892,0.8231453168688988,0.9428774454610841
190,0.19019019019019018,0.9460902714362531,0.9528859055612465
191,0.19119119119119118,0.7048667753270681,0.9619520988795547
192,0.1921921921921922,0.18644488649597035,0.9700670602579007
193,0.1931931931931932,-0.41229576314152777,0.9772227651694256
194,0.1941941941941942,-0.8600366597446407,0.9834121376536188
195,0.19519519519519518,-0.9812030236887532,0.9886290573134227
196,0.1961961961961962,-0.7253922208732989,0.9928683653674237
197,0.1971971971971972,-0.18837824278578902,0.9961258697511429
198,0.1981981981981982,0.42407435067070537,0.998398349262383
199,0.1991991991991992,0.8757869463244691,0.9996835567465338
200,0.20020020020020018,0.992079305452641,0.9999802213186832
201,0.2012012012012012,0.7279331453269047,0.99928804962034
202,0.2022022022022022,0.1855769445666219,0.9976077261095226
203,0.2032032032032032,-0.42543624840886324,0.9949409123839288
204,0.2042042042042042,-0.8699327384164858,0.9912902455378554
205,0.20520520520520522,-0.97846956020729,0.986659335554492
206,0.2062062062062062,-0.712532457865957,0.9810527617361683
207,0.2072072072072072,-0.1782620740596291,0.9744760681760833
208,0.2082082082082082,0.41620795894323365,0.9669357582759984
209,0.2092092092092092,0.8425444011741768,0.9584392883153087
210,0.21021021021021022,0.9407295461187924,0.9489950600778587
211,0.2112112112112112,0.6796759857597762,0.9386124125437895
212,0.2122122122122122,0.16676464774667657,0.9273016126546324
213,0.2132132132132132,-0.3964799953324012,0.9150738451607864
214,0.21421421421421422,-0.7942261903479158,0.9019412015614098
215,0.21521521521521522,-0.8798110522529026,0.8879166681476731
216,0.21621621621621623,-0.6302778591050139,0.8730141131611882
217,0.2172172172172172,-0.15151372511307315,0.8572482730803171
218,0.2182182182182182,0.3666080260367691,0.8406347380479183
219,0.21921921921921922,0.7261030822881017,0.8231899364549453
220,0.22022022022022023,0.7972378690999041,0.8049311186951347
221,0.22122122122122123,0.5656553699750093,0.7858763401068546
222,0.2222222222222222,0.1330222215594837,0.7660444431189787
223,0.22322322322322322,-0.32720731694301053,0.7454550386184366
224,0.22422422422422422,-0.6397946292954151,0.7241284865578805
225,0.22522522522522523,-0.6950676206949383,0.7020858758226227
226,0.22622622622622623,-0.48749399103397445,0.6793490033767697
227,0.2272272272272272,-0.11187086484928836,0.6559403527091681
228,0.22822822822822822,0.279140528515886,0.6318830716004724
229,0.22922922922922923,0.5373764466761439,0.6072009492333318
230,0.23023023023023023,0.5758404156364444,0.5819183926683149
231,0.23123123123123124,0.3978034792210201,0.5560604027088479
232,0.23223223223223222,0.08869077509599135,0.5296525491790214
233,0.23323323323323322,-0.22349909623334316,0.5027209456387224
234,0.23423423423423423,-0.4213302475922995,0.4752922235610904
235,0.23523523523523523,-0.44251560028319675,0.4473935059978271
236,0.23623623623623624,-0.29886620624587207,0.4190523807584099
237,0.23723723723723725,-0.06414517499776573,0.3902968731297252
238,0.23823823823823823,0.16157858874209444,0.3611554181631015
239,0.23923923923923923,0.2944836297316593,0.3316568325561399
240,0.24024024024024024,0.29839819127219097,0.3018302861571574
241,0.24124124124124124,0.19317904411430753,0.271705273120413
242,0.24224224224224225,0.03891074930957836,0.2413115827406394
243,0.24324324324324323,-0.09484859630752976,0.2106792699957271
244,0.24424424424424424,-0.15994107671255306,0.17983862582668034
245,0.24524524524524524,-0.14705681897621417,0.14882014718424924
246,0.24624624624624625,-0.08339028623755579,0.11765450687183855
247,0.24724724724724725,-0.013659170332538377,0.0863725232145281
248,0.24824824824824826,0.024917847977989942,0.05500512958419341
249,0.24924924924924924,0.02100786043661142,0.023583343810857853
250,0.2502502502502503,-0.00776477767352875,-0.007861762489468422
251,0.25125125125125125,-0.02776680072225242,-0.039299094640130906
252,0.25225225225225223,-0.01096071018322268,-0.07069756565199363
253,0.25325325325325326,0.04650461443162421,-0.10202612696398422
254,0.25425425425425424,0.11889128737038082,-0.1332537991456392
255,0.2552552552552553,0.16224050658213918,-0.1643497025313068
256,0.25625625625625625,0.1375421248979786,-0.1952830877556692
257,0.25725725725725723,0.034339532174716074,-0.2260233661604485
258,0.25825825825825827,-0.11765126740922457,-0.25654014004216474
259,0.25925925925925924,-0.2562967301009014,-0.2868032327110902
260,0.2602602602602603,-0.3125566263842433,-0.31678271833164295
261,0.26126126126126126,-0.24323691555204424,-0.3464489515147223
262,0.26226226226226224,-0.05592253313869287,-0.37577259663273127
263,0.26326326326326327,0.1867399164116329,-0.40472465682827286
264,0.26426426426426425,0.38779961674977964,-0.4332765026878681
265,0.2652652652652653,0.45500605102101715,-0.461399900552317
266,0.26626626626626626,0.3422701764154317,-0.4890670404357169
267,0.26726726726726724,0.0752227136861988,-0.5162505635255275
268,0.2682682682682683,-0.2520183985204547,-0.5429235892364999
269,0.26926926926926925,-0.5101265821735474,-0.5690597417916831
270,0.2702702702702703,-0.5860799193860975,-0.594633176304286
271,0.27127127127127126,-0.4322418071050506,-0.6196186043345284
272,0.27227227227227224,-0.09183175029867431,-0.6439913188962668
273,0.2732732732732733,0.3118090543715903,-0.6677272188886486
274,0.27427427427427425,0.6202213493504725,-0.69080283292861
275,0.2752752752752753,0.7025541645616308,-0.7131953425607106
276,0.27627627627627627,0.510990846536621,-0.7348826048212753
277,0.2772772772772773,0.10542841279731716,-0.7558431741346128
278,0.2782782782782783,-0.3645518397655863,-0.7760563235195788
279,0.27927927927927926,-0.7153211963894963,-0.7955020650855888
280,0.2802802802802803,-0.8015689434393561,-0.8141611697977529
281,0.28128128128128127,-0.5766474230215018,-0.8320151864916129
282,0.2822822822822823,-0.11578431936198157,-0.8490464601186982
283,0.2832832832832833,0.4088449692007341,-0.8652381492048079
284,0.28428428428428426,0.793026372493055,-0.8805742425038144
285,0.2852852852852853,0.8806989667410218,-0.8950395748304678
286,0.2862862862862863,0.6276771609478471,-0.908619842056582
287,0.2872872872872873,0.12276694039183779,-0.9213016152557542
288,0.2882882882882883,-0.4434820338677918,-0.9330723539826369
289,0.28928928928928926,-0.8513607165968347,-0.9439204186736326
290,0.2902902902902903,-0.9380129971127746,-0.9538350821567402
291,0.2912912912912913,-0.6629169892697873,-0.9628065402591842
292,0.2922922922922923,-0.12633984183650263,-0.9708259215023276
293,0.2932932932932933,0.46748461442197276,-0.9778852958742851
294,0.29429429429429427,0.888821945910442,-0.9839776826715613
295,0.2952952952952953,0.9721210533664357,-0.9890970574019615
296,0.2962962962962963,0.6816015174108888,-0.9932383577419429
297,0.2972972972972973,0.1265602365959202,-0.9963974885425264
298,0.2982982982982983,-0.4801295124086278,-0.9985713258788059
299,0.29929929929929927,-0.9044203338771544,-0.9997577201390606
300,0.3003003003003003,-0.9822081653164418,-0.999955498150411
301,0.3013013013013013,-0.6833793839789579,-0.9991644643389178
302,0.3023023023023023,-0.1235739870238771,-0.9973854009229761
303,0.3033033033033033,0.480969851194108,-0.994620067139815
304,0.30430430430430433,0.897704781988388,-0.9908711975058637
305,0.3053053053053053,0.9680538583689624,-0.9861424991127115
306,0.3063063063063063,0.668319236790558,-0.9804386479613271
307,0.3073073073073073,0.11760827043558099,-0.9737652843381668
308,0.3083083083083083,-0.46984944464504086,-0.9661290072377483
309,0.30930930930930933,-0.8687756004250684,-0.9575373678371907
310,0.3103103103103103,-0.9300369017164879,-0.9479988620291956
311,0.3113113113113113,-0.6369052627177313,-0.9375229220208275
312,0.3123123123123123,-0.10896218096301628,-0.926119907006426
313,0.3133133133133133,0.44690999606318405,-0.9138010929238539
314,0.31431431431431434,0.8182836409937726,-0.9005786613042182
315,0.3153153153153153,0.8691252198480626,-0.8864656872260992
316,0.3163163163163163,0.5900224462693382,-0.8714761263861728
317,0.3173173173173173,0.09799559351439407,-0.8556248012990469
318,0.3183183183183183,-0.41259086700237685,-0.8389273866399275
319,0.31931931931931934,-0.7474157641464875,-0.8214003937446253
320,0.3203203203203203,-0.7868512350045431,-0.8030611542822255
321,0.3213213213213213,-0.5289319901069451,-0.7839278031165665
322,0.32232232232232233,-0.0851166576406985,-0.76401926037347
323,0.3233233233233233,0.36762134118974177,-0.7433552127314705
324,0.32432432432432434,0.6578669616207046,-0.7219560939545248
325,0.3253253253253253,0.6852732690525145,-0.6998430646859655
326,0.3263263263263263,0.4552375725631118,-0.6770379915236776
327,0.32732732732732733,0.07076831977771077,-0.6535634253971789
328,0.3283283283283283,-0.3130054981993779,-0.6294425792680167
329,0.32932932932932935,-0.5517997889515172,-0.6046993051754747
330,0.3303303303303303,-0.5669239780683482,-0.5793580706503675
331,0.3313313313313313,-0.3708433407249865,-0.5534439345201603
332,0.33233233233233234,-0.055414290931939614,-0.5269825221294097
333,0.3333333333333333,0.24999999999999303,-0.5000000000000013
334,0.33433433433433435,0.43179207948170034,-0.4725230499562115
335,0.3353353353353353,0.4347471131724995,-0.4445788427402536
336,0.3363363363363363,0.2779047373067262,-0.4161950111443084
337,0.33733733733733734,0.039524883089928665,-0.38739962268569356
338,0.3383383383383383,-0.1800852762068944,-0.3582211518521277
339,0.33933933933933935,-0.30077420558086293,-0.32868845194456886
340,0.34034034034034033,-0.2920241889123442,-0.2988307265454612
341,0.34134134134134136,-0.17877343053304073,-0.26867750064059404
342,0.34234234234234234,-0.02356313148034111,-0.23825859142316594
343,0.3433433433433433,0.10493076610749294,-0.20760407880885592
344,0.34434434434434436,0.1619574161918948,-0.17674427569114207
345,0.34534534534534533,0.14229288865469994,-0.14570969796621158
346,0.34634634634634637,0.07593775450863005,-0.1145310343571408
347,0.34734734734734735,0.00797160169278075,-0.08323911606717241
348,0.3483483483483483,-0.026355032808473414,-0.051864886292102175
349,0.34934934934934936,-0.01875500590577968,-0.02043936962191241
350,0.35035035035035034,0.010740761094736824,0.0110063586380641
351,0.35135135135135137,0.028039830181957062,0.04244120319614797
352,0.35235235235235235,0.006839748724880395,0.07383407952307187
353,0.3533533533533533,-0.05371829697610921,0.10515394459009672
354,0.35435435435435436,-0.12530174620732676,0.1363698275661004
355,0.35535535535535534,-0.16329426374717668,0.1674508604432452
356,0.3563563563563564,-0.1305866819304813,0.19836630856101387
357,0.35735735735735735,-0.020504324171953178,0.22908560099832947
358,0.35835835835835833,0.13330769861461636,0.25957836080381363
359,0.35935935935935936,0.2666507944875125,0.2898144350342012
360,0.36036036036036034,0.31160229196073996,0.31976392457124386
361,0.3613613613613614,0.22918373158187363,0.3493972136876514
362,0.36236236236236236,0.03270797889586601,0.3786849993327492
363,0.36336336336336333,-0.2104228624483231,0.4075983201089956
364,0.36436436436436437,-0.401787543705049,0.43610858491061066
365,0.36536536536536535,-0.45200977146493904,0.4641876011960644
366,0.3663663663663664,-0.32142746156576374,0.4918076028664418
367,0.36736736736736736,-0.04319621324835235,0.5189412777220946
368,0.3683683683683684,0.2831145346988796,0.5455617944704925
369,0.36936936936936937,0.5273518770128386,0.571642829258478
370,0.37037037037037035,0.5810621045790667,0.5971585917027857
371,0.3713713713713714,0.40508858332121134,0.6220838503929957
372,0.37237237237237236,0.05177931413452447,0.6463939578417692
373,0.3733733733733734,-0.3495238366139637,0.6700648748576574
374,0.3743743743743744,-0.6402118303873213,0.6930731943163961
375,0.37537537537537535,-0.6955903027608095,0.7153961643071812
376,0.3763763763763764,-0.4781659783570463,0.7370117106310208
377,0.37737737737737737,-0.05833534069682598,0.7578984586289407
378,0.3783783783783784,0.40792981285711377,0.7780357543184394
379,0.3793793793793794,0.7375418267799798,0.797403684817299
380,0.38038038038038036,0.7927889268959745,0.8159830980345537
381,0.3813813813813814,0.5389345961247569,0.833755621609152
382,0.38238238238238237,0.06281092323926646,0.850703681077561
383,0.3833833833833834,-0.4567939925899699,0.8668105172523926
384,0.3843843843843844,-0.8168935129864019,0.8820602027948112
385,0.38538538538538536,-0.8702849153626636,0.8964376579643809
386,0.3863863863863864,-0.5859861614166715,0.9099286655307568
387,0.38738738738738737,-0.06521991012321304,0.9225198848324682
388,0.3883883883883884,0.4948008102709354,0.93419886496892
389,0.3893893893893894,0.8762574210449838,0.944954057112528
390,0.39039039039039036,0.9261956085970527,0.9547748259288534
391,0.3913913913913914,0.6182617310403691,0.9636514600934086
392,0.3923923923923924,0.06563996189234104,0.9715751818947599
393,0.3933933933933934,-0.5208928265825363,0.9785381559144197
394,0.3943943943943944,-0.9141138994760736,0.9845334967749417
395,0.39539539539539537,-0.9591745492065217,0.9895552759485717
396,0.3963963963963964,-0.6350753491996067,0.9935985276197029
397,0.3973973973973974,-0.0642072523328335,0.9966592535953529
398,0.3983983983983984,0.5342998110076942,0.9987344272588006
399,0.3993993993993994,0.9294720224119336,0.9998219965624732
400,0.40040040040040037,0.9684439418458872,0.9999208860571255
401,0.4014014014014014,0.6361282779415298,0.9990309979553045
402,0.4024024024024024,0.06110949081269418,0.9971532122280464
403,0.4034034034034034,-0.534560893588697,0.994289385734713
404,0.4044044044044044,-0.9218954802058306,0.9904423503868246
405,0.40540540540540543,-0.9538129894653246,0.9856159103477085
406,0.4064064064064064,-0.6215135174193666,0.9798148382707293
407,0.4074074074074074,-0.05657752752208557,0.9730448705798241
408,0.4084084084084084,0.5215391608452953,0.9653127017970031
409,0.4094094094094094,0.8915147761674574,0.956625977922438
410,0.41041041041041043,0.9156816738593331,0.9469932888736634
411,0.4114114114114114,0.5917105745362415,0.9364241599913924
412,0.4124124124124124,0.05087584184550187,0.9249290426203257
413,0.4134134134134134,-0.4954282556527307,0.912519303774276
414,0.4144144144144144,-0.8390253927210336,0.8992072148958373
415,0.41541541541541543,-0.8550299099428218,0.8850059397216871
416,0.4164164164164164,-0.5475706816467797,0.86992952126556
417,0.4174174174174174,-0.04429224298953966,0.853992867931721
418,0.4184184184184184,0.45675073855660314,0.8372117387727108
419,0.4194194194194194,0.7656719381351343,0.8196027279059125
420,0.42042042042042044,0.773392365862116,0.8011832481043573
421,0.4214214214214214,0.49029290333108577,0.7819715135780138
422,0.4224224224224224,0.03712713042233224,0.7619865219625456
423,0.42342342342342343,-0.40634817363464726,0.7412480355334006
424,0.4244244244244244,-0.6732186333899309,0.7197765616637637
425,0.42542542542542544,-0.6728195959065196,0.697593332545723
426,0.4264264264264264,-0.42139179296242285,0.6747202841946938
427,0.4274274274274274,-0.02968266922012112,0.6511800347578567
428,0.42842842842842843,0.3453631104678537,0.6269958621480792
429,0.4294294294294294,0.5639068390580209,0.6021916810254102
430,0.43043043043043044,0.5558264714230945,0.5767920191489301
431,0.4314314314314314,0.34265746636269445,0.5508219931223342
432,0.43243243243243246,0.02225223195865442,0.5243072835572317
433,0.43343343343343343,-0.2752133397955922,0.4972741096787239
434,0.4344344344344344,-0.4404006457869936,0.46974920339837195
435,0.43543543543543545,-0.42532920818051484,0.441759782880184
436,0.4364364364364364,-0.256109142272928,0.4133335256257846
437,0.43743743743743746,-0.015110444555881295,0.3844985411053495
438,0.43843843843843844,0.1975589987628656,0.35528334296139374
439,0.4394394394394394,0.305721850989278,0.3257168208128921
440,0.44044044044044045,0.28457256914067236,0.2958282116876021
441,0.44144144144144143,0.16394335426408763,0.26564707111087743
442,0.44244244244244246,0.0085041490057683,0.2352032438794891
443,0.44344344344344344,-0.11426328723035456,0.20452683454945148
444,0.4444444444444444,-0.16317591116653765,0.17364817766693244
445,0.44544544544544545,-0.13704906246750653,0.14259780777177092
446,0.44644644644644643,-0.06847816240497107,0.11140642920322985
447,0.44744744744744747,-0.0026445620848466983,0.08010488573780664
448,0.44844844844844844,0.027347724599446167,0.04872413008921322
449,0.4494494494494494,0.016270687206372942,0.01729519330057819
450,0.45045045045045046,-0.013587850082836523,-0.014150845940761584
451,0.45145145145145144,-0.027905217377016126,-0.045582892035611
452,0.45245245245245247,-0.0022991330273424166,-0.07696986322197939
453,0.45345345345345345,0.061056977403055976,-0.10828072231046035
454,0.4544544544544544,0.13137001677327914,-0.13948450737554435
455,0.45545545545545546,0.16361437426152045,-0.17055036237248877
456,0.45645645645645644,0.12282189474932943,-0.20144756764950453
457,0.4574574574574575,0.006204574338337804,-0.23214557032506117
458,0.45845845845845845,-0.14876323041592956,-0.26261401450028177
459,0.45945945945945943,-0.2760959865540665,-0.29282277127654877
460,0.46046046046046046,-0.3093285826452507,-0.3227419685486496
461,0.46146146146146144,-0.21394240932908887,-0.35234202054396324
462,0.4624624624624625,-0.00899925441093222,-0.3815936570785477
463,0.46346346346346345,0.2335807870640382,-0.4104679525011133
464,0.46446446446446443,0.4143209873184656,-0.43893635429632866
465,0.46546546546546547,0.4471419057736007,-0.46697071131914797
466,0.46646646646646645,0.299049990876197,-0.4945433016322174
467,0.4674674674674675,0.0106617241945834,-0.5216268599188981
468,0.46846846846846846,-0.3133715146689935,-0.5481946044447089
469,0.4694694694694695,-0.542611767708942,-0.5742202635406229
470,0.47047047047047047,-0.5736676503644941,-0.5996781015819445
471,0.47147147147147145,-0.37609456558317517,-0.6245429444371373
472,0.4724724724724725,-0.011220951995937596,-0.6487902043614173
473,0.47347347347347346,0.38610335337680585,-0.6723959043104714
474,0.4744744744744745,0.6577734661080427,-0.6953367016503184
475,0.4754754754754755,0.6858043576744924,-0.7175899112397872
476,0.47647647647647645,0.44324219080439664,-0.7391335278628707
477,0.4774774774774775,0.010753882278538261,-0.7599462479886973
478,0.47847847847847846,-0.44990209559154976,-0.7800074908376571
479,0.4794794794794795,-0.756929291354035,-0.7992974187328302
480,0.4804804804804805,-0.780811946994214,-0.8177969567165769
481,0.48148148148148145,-0.49891872484818767,-0.8354878114129358
482,0.4824824824824825,-0.009381297181266502,-0.8523524891171236
483,0.48348348348348347,0.5030996666366487,-0.8683743130942924
484,0.4844844844844845,0.8375924877469423,-0.8835374400704151
485,0.4854854854854855,0.8563787719356517,-0.8978268758989991
486,0.48648648648648646,0.5418466915784589,-0.911228490388135
487,0.4874874874874875,0.007262138248500747,-0.923729031273222
488,0.48848848848848847,-0.5442776632668843,-0.9353161373215425
489,0.4894894894894895,-0.8977287816179979,-0.9459783505557421
490,0.4904904904904905,-0.9106779459475208,-0.9557051275841167
491,0.49149149149149146,-0.5710744774843551,-0.9644868500265065
492,0.4924924924924925,-0.004586495212430403,-0.972314834025489
493,0.4934934934934935,0.5723050153699967,-0.9791813388334577
494,0.4944944944944945,0.9358077393716865,-0.9850795744671116
495,0.4954954954954955,0.9424115626217782,-0.9900037084217637
496,0.4964964964964965,0.5859971969366788,-0.9939488714388521
497,0.4974974974974975,0.0015675112579358423,-0.996911162320932
498,0.4984984984984985,-0.5863687744409051,-0.9988876517893978
499,0.4994994994994995,-0.9508417390699393,-0.9998763853811183
500,0.5005005005005005,-0.9508417390699205,-0.9998763853811183
501,0.5015015015015015,-0.5863687744409019,-0.9988876517893978
502,0.5025025025025025,0.0015675112579397591,-0.996911162320932
503,0.5035035035035035,0.5859971969366822,-0.9939488714388524
504,0.5045045045045045,0.9424115626217625,-0.9900037084217641
505,0.5055055055055055,0.9358077393716852,-0.9850795744671115
506,0.5065065065065065,0.5723050153699937,-0.9791813388334579
507,0.5075075075075075,-0.004586495212434223,-0.9723148340254892
508,0.5085085085085085,-0.5710744774843145,-0.9644868500265072
509,0.5095095095095095,-0.9106779459475058,-0.9557051275841172
510,0.5105105105105106,-0.8977287816179965,-0.945978350555742
511,0.5115115115115115,-0.5442776632668817,-0.935316137321543
512,0.5125125125125125,0.007262138248504387,-0.9237290312732233
513,0.5135135135135135,0.5418466915784629,-0.911228490388137
514,0.5145145145145145,0.8563787719356379,-0.8978268758989997
515,0.5155155155155156,0.8375924877469408,-0.8835374400704148
516,0.5165165165165165,0.5030996666366463,-0.868374313094293
517,0.5175175175175175,-0.009381297181269867,-0.8523524891171251
518,0.5185185185185185,-0.49891872484819066,-0.8354878114129365
519,0.5195195195195195,-0.7808119469942167,-0.8177969567165787
520,0.5205205205205206,-0.7569292913540191,-0.7992974187328299
521,0.5215215215215215,-0.4499020955915483,-0.780007490837659
522,0.5225225225225225,0.010753882278541273,-0.7599462479886991
523,0.5235235235235235,0.4432421908043658,-0.7391335278628715
524,0.5245245245245245,0.6858043576744952,-0.7175899112397892
525,0.5255255255255256,0.6577734661080286,-0.6953367016503179
526,0.5265265265265265,0.38610335337680496,-0.6723959043104736
527,0.5275275275275275,-0.01122095199594014,-0.6487902043614169
528,0.5285285285285285,-0.37609456558315024,-0.6245429444371396
529,0.5295295295295295,-0.5736676503644971,-0.5996781015819468
530,0.5305305305305306,-0.5426117677089315,-0.5742202635406239
531,0.5315315315315315,-0.3133715146689932,-0.5481946044447115
532,0.5325325325325325,0.01066172419458544,-0.5216268599188977
533,0.5335335335335335,0.29904999087617773,-0.49454330163222
534,0.5345345345345345,0.44714190577359614,-0.46697071131915063
535,0.5355355355355356,0.4143209873184676,-0.4389363542963314
536,0.5365365365365365,0.2335807870640366,-0.4104679525011128
537,0.5375375375375375,-0.008999254410933745,-0.3815936570785488
538,0.5385385385385385,-0.2139424093290758,-0.3523420205439661
539,0.5395395395395395,-0.30932858264524854,-0.32274196854865245
540,0.5405405405405406,-0.2760959865540688,-0.29282277127655165
541,0.5415415415415415,-0.1487632304159284,-0.2626140145002812
542,0.5425425425425425,0.006204574338338748,-0.23214557032506236
543,0.5435435435435435,0.12282189474932277,-0.20144756764950747
544,0.5445445445445445,0.16361437426152242,-0.1705503623724935
545,0.5455455455455456,0.13137001677327845,-0.13948450737554383
546,0.5465465465465466,0.061056977403056316,-0.10828072231046157
547,0.5475475475475475,-0.0022991330273427553,-0.07696986322198061
548,0.5485485485485485,-0.027905217377018104,-0.045582892035614
549,0.5495495495495496,-0.01358785008283794,-0.014150845940762808
550,0.5505505505505506,0.016270687206373438,0.017295193300578743
551,0.5515515515515516,0.02734772459944532,0.04872413008921199
552,0.5525525525525525,-0.0026445620848469724,0.08010488573780541
553,0.5535535535535535,-0.06847816240496848,0.1114064292032251
554,0.5545545545545546,-0.13704906246751114,0.14259780777177322
555,0.5555555555555556,-0.1631759111665363,0.17364817766693125
556,0.5565565565565566,-0.11426328723035321,0.20452683454945028
557,0.5575575575575575,0.008504149005769181,0.23520324387948793
558,0.5585585585585585,0.1639433542640856,0.2656470711108728
559,0.5595595595595596,0.2845725691406794,0.2958282116876043
560,0.5605605605605606,0.30572185098927646,0.32571682081289094
561,0.5615615615615616,0.19755899876286379,0.35528334296139263
562,0.5625625625625625,-0.015110444555882695,0.3844985411053467
563,0.5635635635635635,-0.25610914227291015,0.41333352562578346
564,0.5645645645645646,-0.4253292081805226,0.4417597828801845
565,0.5655655655655656,-0.44040064578699195,0.46974920339837084
566,0.5665665665665666,-0.27521333979559,0.4972741096787228
567,0.5675675675675675,0.02225223195865637,0.5243072835572291
568,0.5685685685685685,0.342657466362671,0.5508219931223332
569,0.5695695695695696,0.5558264714230957,0.5767920191489306
570,0.5705705705705706,0.5639068390580191,0.6021916810254092
571,0.5715715715715716,0.3453631104678503,0.6269958621480769
572,0.5725725725725725,-0.02968266922008666,0.6511800347578558
573,0.5735735735735735,-0.4213917929623936,0.6747202841946915
574,0.5745745745745746,-0.6728195959065207,0.6975933325457234
575,0.5755755755755756,-0.6732186333899293,0.7197765616637629
576,0.5765765765765766,-0.40634817363464376,0.7412480355333986
577,0.5775775775775776,0.037127130422335196,0.7619865219625448
578,0.5785785785785785,0.4902929033310523,0.7819715135780119
579,0.5795795795795796,0.7733923658621171,0.8011832481043576
580,0.5805805805805806,0.7656719381351315,0.8196027279059107
581,0.5815815815815816,0.45675073855660053,0.8372117387727112
582,0.5825825825825826,-0.04429224298954297,0.8539928679317204
583,0.5835835835835835,-0.5475706816467815,0.8699295212655586
584,0.5845845845845846,-0.8550299099428359,0.8850059397216873
585,0.5855855855855856,-0.839025392721031,0.899207214895836
586,0.5865865865865866,-0.4954282556527278,0.9125193037742763
587,0.5875875875875876,0.05087584184550543,0.9249290426203246
588,0.5885885885885885,0.5917105745362439,0.9364241599913914
589,0.5895895895895896,0.9156816738593474,0.9469932888736631
590,0.5905905905905906,0.8915147761674563,0.9566259779224382
591,0.5915915915915916,0.5215391608452922,0.9653127017970033
592,0.5925925925925926,-0.056577527522061744,0.9730448705798235
593,0.5935935935935935,-0.6215135174193476,0.9798148382707288
594,0.5945945945945946,-0.9538129894653394,0.9856159103477082
595,0.5955955955955956,-0.9218954802058189,0.9904423503868247
596,0.5965965965965966,-0.5345608935887174,0.9942893857347129
597,0.5975975975975976,0.061109490812641505,0.9971532122280462
598,0.5985985985985985,0.6361282779415107,0.9990309979553043
599,0.5995995995995996,0.9684439418458882,0.9999208860571255
600,0.6006006006006006,0.9294720224119217,0.9998219965624732
601,0.6016016016016016,0.5342998110077148,0.9987344272588006
602,0.6026026026026026,-0.06420725233278089,0.9966592535953531
603,0.6036036036036035,-0.6350753491995882,0.9935985276197034
604,0.6046046046046046,-0.9591745492065227,0.9895552759485717
605,0.6056056056056056,-0.9141138994760724,0.984533496774942
606,0.6066066066066066,-0.5208928265825098,0.97853815591442
607,0.6076076076076076,0.06563996189228982,0.971575181894761
608,0.6086086086086087,0.6182617310403722,0.963651460093409
609,0.6096096096096096,0.9261956085970535,0.9547748259288532
610,0.6106106106106106,0.8762574210449828,0.9449540571125284
611,0.6116116116116116,0.49480081027093253,0.9341988649689205
612,0.6126126126126126,-0.06521991012321678,0.9225198848324699
613,0.6136136136136137,-0.5859861614167132,0.9099286655307558
614,0.6146146146146146,-0.870284915362659,0.8964376579643815
615,0.6156156156156156,-0.816893512986401,0.8820602027948118
616,0.6166166166166166,-0.4567939925899677,0.866810517252394
617,0.6176176176176176,0.06281092323924573,0.8507036810775617
618,0.6186186186186187,0.5389345961247947,0.8337556216091506
619,0.6196196196196196,0.7927889268959705,0.8159830980345545
620,0.6206206206206206,0.7375418267799879,0.7974036848172997
621,0.6216216216216216,0.40792981285711216,0.7780357543184413
622,0.6226226226226226,-0.05833534069680752,0.7578984586289415
623,0.6236236236236237,-0.47816597835708,0.7370117106310203
624,0.6246246246246246,-0.6955903027608157,0.7153961643071821
625,0.6256256256256256,-0.6402118303873299,0.6930731943163984
626,0.6266266266266266,-0.34952383661396264,0.6700648748576596
627,0.6276276276276276,0.05177931413450876,0.6463939578417701
628,0.6286286286286287,0.4050885833212264,0.6220838503929954
629,0.6296296296296297,0.5810621045790719,0.5971585917027866
630,0.6306306306306306,0.5273518770128337,0.5716428292584804
631,0.6316316316316316,0.2831145346988908,0.545561794470492
632,0.6326326326326326,-0.0431962132483399,0.5189412777220972
633,0.6336336336336337,-0.32142746156577545,0.4918076028664413
634,0.6346346346346347,-0.45200977146494203,0.46418760119606706
635,0.6356356356356356,-0.401787543705046,0.4361085849106134
636,0.6366366366366366,-0.21042286244834213,0.4075983201089967
637,0.6376376376376376,0.032707978895846285,0.37868499933275196
638,0.6386386386386387,0.22918373158188185,0.3493972136876509
639,0.6396396396396397,0.311602291960743,0.3197639245712467
640,0.6406406406406406,0.2666507944875116,0.2898144350342007
641,0.6416416416416416,0.13330769861461697,0.2595783608038165
642,0.6426426426426426,-0.020504324171941368,0.22908560099833242
643,0.6436436436436437,-0.13058668193048156,0.19836630856101334
644,0.6446446446446447,-0.16329426374717973,0.16745086044324817
645,0.6456456456456456,-0.12530174620732604,0.13636982756609983
646,0.6466466466466466,-0.05371829697611295,0.1051539445900997
647,0.6476476476476476,0.0068397487248767815,0.07383407952307487
648,0.6486486486486487,0.02803983018195981,0.0424412031961492
649,0.6496496496496497,0.010740761094736226,0.011006358638063549
650,0.6506506506506506,-0.018755005905778523,-0.020439369621911185
651,0.6516516516516516,-0.026355032808472983,-0.05186488629209918
652,0.6526526526526526,0.007971601692780788,-0.08323911606716941
653,0.6536536536536537,0.07593775450863445,-0.1145310343571396
654,0.6546546546546547,0.14229288865469972,-0.14570969796621214
655,0.6556556556556556,0.1619574161918934,-0.17674427569114087
656,0.6566566566566566,0.10493076610749585,-0.207604078808853
657,0.6576576576576576,-0.023563131480334846,-0.2382585914231613
658,0.6586586586586587,-0.17877343053305436,-0.26867750064059626
659,0.6596596596596597,-0.2920241889123451,-0.29883072654546006
660,0.6606606606606606,-0.3007742055808651,-0.3286884519445677
661,0.6616616616616616,-0.18008527620690054,-0.3582211518521249
662,0.6626626626626626,0.03952488308991877,-0.3873996226856891
663,0.6636636636636637,0.27790473730672777,-0.4161950111443089
664,0.6646646646646647,0.43474711317250136,-0.4445788427402525
665,0.6656656656656657,0.43179207948170406,-0.4725230499562105
666,0.6666666666666666,0.2500000000000139,-0.4999999999999972
667,0.6676676676676676,-0.055414290931926666,-0.5269825221294087
668,0.6686686686686687,-0.3708433407249874,-0.5534439345201593
669,0.6696696696696697,-0.5669239780683476,-0.5793580706503665
670,0.6706706706706707,-0.5517997889515083,-0.6046993051754738
671,0.6716716716716716,-0.31300549819940493,-0.629442579268013
672,0.6726726726726726,0.0707683197776763,-0.653563425397178
673,0.6736736736736737,0.4552375725631131,-0.6770379915236766
674,0.6746746746746747,0.6852732690525142,-0.6998430646859646
675,0.6756756756756757,0.657866961620693,-0.7219560939545226
676,0.6766766766766766,0.3676213411897388,-0.7433552127314698
677,0.6776776776776777,-0.08511665764074469,-0.7640192603734703
678,0.6786786786786787,-0.5289319901069305,-0.7839278031165657
679,0.6796796796796797,-0.786851235004543,-0.8030611542822247
680,0.6806806806806807,-0.7474157641464846,-0.8214003937446236
681,0.6816816816816816,-0.41259086700239445,-0.8389273866399268
682,0.6826826826826827,0.09799559351444576,-0.8556248012990472
683,0.6836836836836837,0.5900224462693222,-0.8714761263861722
684,0.6846846846846847,0.8691252198480619,-0.8864656872260978
685,0.6856856856856857,0.8182836409937714,-0.9005786613042184
686,0.6866866866866866,0.446909996063203,-0.9138010929238527
687,0.6876876876876877,-0.10896218096307218,-0.9261199070064261
688,0.6886886886886887,-0.6369052627177532,-0.9375229220208271
689,0.6896896896896897,-0.9300369017164826,-0.9479988620291947
690,0.6906906906906907,-0.868775600425067,-0.9575373678371908
691,0.6916916916916916,-0.4698494446450612,-0.9661290072377475
692,0.6926926926926927,0.11760827043561227,-0.9737652843381669
693,0.6936936936936937,0.6683192367905808,-0.9804386479613265
694,0.6946946946946947,0.9680538583689686,-0.9861424991127116
695,0.6956956956956957,0.8977047819883982,-0.9908711975058636
696,0.6966966966966966,0.48096985119412916,-0.9946200671398147
697,0.6976976976976977,-0.12357398702390913,-0.9973854009229762
698,0.6986986986986987,-0.6833793839789608,-0.9991644643389177
699,0.6996996996996997,-0.9822081653164478,-0.999955498150411
700,0.7007007007007007,-0.9044203338771769,-0.9997577201390606
701,0.7017017017017017,-0.48012951240867424,-0.9985713258788061
702,0.7027027027027027,0.1265602365959522,-0.9963974885425265
703,0.7037037037037037,0.6816015174108916,-0.9932383577419428
704,0.7047047047047047,0.9721210533664363,-0.9890970574019614
705,0.7057057057057057,0.8888219459104408,-0.9839776826715618
706,0.7067067067067067,0.46748461442201855,-0.9778852958742857
707,0.7077077077077077,-0.1263398418365338,-0.9708259215023279
708,0.7087087087087087,-0.66291698926979,-0.9628065402591841
709,0.7097097097097097,-0.9380129971127759,-0.9538350821567406
710,0.7107107107107107,-0.8513607165968454,-0.9439204186736336
711,0.7117117117117117,-0.4434820338678361,-0.9330723539826387
712,0.7127127127127127,0.12276694039184124,-0.9213016152557533
713,0.7137137137137137,0.6276771609478309,-0.9086198420565818
714,0.7147147147147147,0.8806989667410229,-0.8950395748304684
715,0.7157157157157157,0.7930263724930656,-0.8805742425038159
716,0.7167167167167167,0.40884496920073227,-0.8652381492048103
717,0.7177177177177178,-0.11578431936203251,-0.849046460118697
718,0.7187187187187187,-0.5766474230214876,-0.8320151864916135
719,0.7197197197197197,-0.8015689434393576,-0.8141611697977537
720,0.7207207207207207,-0.7153211963895074,-0.7955020650855917
721,0.7217217217217217,-0.36455183976560346,-0.7760563235195795
722,0.7227227227227228,0.10542841279736244,-0.7558431741346113
723,0.7237237237237237,0.5109908465366386,-0.7348826048212761
724,0.7247247247247247,0.7025541645616287,-0.7131953425607115
725,0.7257257257257257,0.620221349350483,-0.6908028329286134
726,0.7267267267267267,0.31180905437160517,-0.6677272188886495
727,0.7277277277277278,-0.09183175029867695,-0.6439913188962678
728,0.7287287287287287,-0.4322418071050656,-0.6196186043345293
729,0.7297297297297297,-0.5860799193860975,-0.5946331763042885
730,0.7307307307307307,-0.5101265821735643,-0.569059741791687
731,0.7317317317317317,-0.252018398520467,-0.5429235892365009
732,0.7327327327327328,0.07522271368620097,-0.5162505635255286
733,0.7337337337337337,0.34227017641543384,-0.48906704043571797
734,0.7347347347347347,0.4550060510210222,-0.46139990055231966
735,0.7357357357357357,0.38779961674979085,-0.4332765026878692
736,0.7367367367367368,0.18673991641163123,-0.40472465682827236
737,0.7377377377377378,-0.055922533138694504,-0.37577259663273244
738,0.7387387387387387,-0.24323691555204716,-0.3464489515147251
739,0.7397397397397397,-0.3125566263842478,-0.3167827183316458
740,0.7407407407407407,-0.256296730100902,-0.28680323271109137
741,0.7417417417417418,-0.11765126740921049,-0.25654014004216424
742,0.7427427427427428,0.03433953217471078,-0.22602336616044968
743,0.7437437437437437,0.1375421248979812,-0.19528308775567213
744,0.7447447447447447,0.1622405065821387,-0.16434970253130624
745,0.7457457457457457,0.11889128737038418,-0.1332537991456413
746,0.7467467467467468,0.04650461443161844,-0.10202612696398367
747,0.7477477477477478,-0.010960710183221296,-0.07069756565199574
748,0.7487487487487487,-0.027766800722254646,-0.039299094640133904
749,0.7497497497497497,-0.007764777673529087,-0.007861762489468758
750,0.7507507507507507,0.021007860436609013,0.02358334381085485
751,0.7517517517517518,0.02491784797798681,0.05500512958419307
752,0.7527527527527528,-0.013659170332540944,0.08637252321452688
753,0.7537537537537538,-0.08339028623755414,0.11765450687183909
754,0.7547547547547547,-0.14705681897621245,0.14882014718424805
755,0.7557557557557557,-0.15994107671255245,0.1798386258266774
756,0.7567567567567568,-0.09484859630752313,0.2106792699957259
757,0.7577577577577578,0.03891074930958574,0.24131158274063735
758,0.7587587587587588,0.1931790441143026,0.27170527312041265
759,0.7597597597597597,0.29839819127218786,0.3018302861571554
760,0.7607607607607607,0.2944836297316598,0.33165683255613626
761,0.7617617617617618,0.16157858874209266,0.3611554181631003
762,0.7627627627627628,-0.0641451749977784,0.39029687312972655
763,0.7637637637637638,-0.2988662062458814,0.4190523807584096
764,0.7647647647647647,-0.44251560028319326,0.44739350599782524
765,0.7657657657657657,-0.4213302475923081,0.47529222356108697
766,0.7667667667667668,-0.22349909623334063,0.5027209456387206
767,0.7677677677677678,0.08869077509599337,0.529652549179021
768,0.7687687687687688,0.39780347922102094,0.5560604027088469
769,0.7697697697697697,0.5758404156364431,0.5819183926683132
770,0.7707707707707707,0.5373764466761561,0.6072009492333287
771,0.7717717717717718,0.2791405285158843,0.6318830716004735
772,0.7727727727727728,-0.11187086484929087,0.6559403527091678
773,0.7737737737737738,-0.48749399103397567,0.6793490033767688
774,0.7747747747747747,-0.6950676206949365,0.7020858758226206
775,0.7757757757757757,-0.6397946292954302,0.7241284865578773
776,0.7767767767767768,-0.3272073169430081,0.7454550386184371
777,0.7777777777777778,0.13302222155948654,0.7660444431189779
778,0.7787787787787788,0.5656553699750109,0.7858763401068538
779,0.7797797797797797,0.7972378690999027,0.8049311186951329
780,0.7807807807807807,0.7261030822880997,0.8231899364549446
781,0.7817817817817818,0.3666080260367448,0.8406347380479187
782,0.7827827827827828,-0.15151372511305236,0.8572482730803165
783,0.7837837837837838,-0.6302778591050155,0.8730141131611872
784,0.7847847847847848,-0.8798110522528978,0.8879166681476713
785,0.7857857857857857,-0.7942261903479254,0.9019412015614089
786,0.7867867867867868,-0.3964799953323745,0.9150738451607863
787,0.7877877877877878,0.16676464774670596,0.927301612654632
788,0.7887887887887888,0.6796759857597595,0.9386124125437885
789,0.7897897897897898,0.9407295461187892,0.9489950600778586
790,0.7907907907907907,0.8425444011741875,0.9584392883153081
791,0.7917917917917918,0.41620795894320534,0.9669357582759983
792,0.7927927927927928,-0.17826207405966002,0.9744760681760829
793,0.7937937937937938,-0.7125324578659399,0.9810527617361675
794,0.7947947947947948,-0.9784695602072867,0.9866593355544918
795,0.7957957957957957,-0.8699327384164971,0.991290245537855
796,0.7967967967967968,-0.425436248408847,0.9949409123839288
797,0.7977977977977978,0.18557694456663965,0.9976077261095225
798,0.7987987987987988,0.7279331453269073,0.99928804962034
799,0.7997997997997998,0.9920793054526343,0.9999802213186832
800,0.8008008008008007,0.875786946324488,0.9996835567465339
801,0.8018018018018018,0.42407435067068905,0.9983983492623831
802,0.8028028028028028,-0.1883782427857929,0.9961258697511431
803,0.8038038038038038,-0.7253922208733016,0.9928683653674238
804,0.8048048048048048,-0.9812030236887471,0.988629057313423
805,0.8058058058058059,-0.8600366597446387,0.9834121376536187
806,0.8068068068068068,-0.4122957631415244,0.9772227651694259
807,0.8078078078078078,0.18644488649597407,0.9700670602579006
808,0.8088088088088088,0.7048667753270617,0.961952098879555
809,0.8098098098098098,0.9460902714362528,0.9528859055612474
810,0.8108108108108109,0.8231453168688709,0.9428774454610842
811,0.8118118118118118,0.39053025744254544,0.9319366155031745
812,0.8128128128128128,-0.17967493749535624,0.9200742345909912
813,0.8138138138138138,-0.6667604813038318,0.9073020329090449
814,0.8148148148148148,-0.8875902160994225,0.8936326403234135
815,0.8158158158158159,-0.7660968618411611,0.8790795738926291
816,0.8168168168168168,-0.35944982817613086,0.8636572245012599
817,0.8178178178178178,0.16809180969769996,0.8473808426293963
818,0.8188188188188188,0.6119161505964785,0.8302665232721217
819,0.8198198198198198,0.8071310743472941,0.8123311900238878
820,0.8208208208208209,0.6903696117582621,0.7935925783435156
821,0.8218218218218218,0.3199487589611249,0.7740692180163901
822,0.8228228228228228,-0.15184723110959725,0.7537804148311699
823,0.8238238238238238,-0.5415973071087794,0.7327462314891412
824,0.8248248248248248,-0.7066851911922954,0.7109874677651048
825,0.8258258258258259,-0.5978979796301483,0.6885256399393906
826,0.8268268268268268,-0.27311838102385727,0.6653829595213789
827,0.8278278278278278,0.1312207992301199,0.641582311285489
828,0.8288288288288288,0.45745917234786687,0.6171472306414572
829,0.8298298298298298,0.588720614916708,0.5921018803612044
830,0.8308308308308309,0.4910230436496023,0.5664710266853326
831,0.8318318318318318,0.22021722643437686,0.5402800148329069
832,0.8328328328328328,-0.10661605953330841,0.5135547439386529
833,0.8338338338338338,-0.3615097272303699,0.48632164144246937
834,0.8348348348348348,-0.45614035866049807,0.4586076369564917
835,0.8358358358358359,-0.3724332263007966,0.4304401356355971
836,0.8368368368368369,-0.1626373855613744,0.4018469910776515
837,0.8378378378378378,0.07855313055191458,0.3728564777803104
838,0.8388388388388388,0.2560617655903872,0.34349726318162643
839,0.8398398398398398,0.31221084581735725,0.31379837931207993
840,0.8408408408408409,0.24509658770784742,0.28378919408609615
841,0.8418418418418419,0.10186796400177645,0.25349938226140556
842,0.8428428428428428,-0.04765799416930608,0.22295889609497946
843,0.8438438438438438,-0.14367708490080514,0.19219793572457664
844,0.8448448448448448,-0.16048130575746825,0.16124691930515406
845,0.8458458458458459,-0.11218644031218007,0.13013645292970744
846,0.8468468468468469,-0.03945659618397067,0.09889730036425105
847,0.8478478478478478,0.014648663438029756,0.06756035262688115
848,0.8488488488488488,0.02710416246443244,0.03615659744101975
849,0.8498498498498498,0.004696112085893784,0.004717088593034314
850,0.8508508508508509,-0.02299784842936272,-0.02672708477550465
851,0.8518518518518519,-0.02302999023124542,-0.05814482891047413
852,0.8528528528528528,0.019681470004361868,-0.08950507619246341
853,0.8538538538538538,0.09078916453913094,-0.12077681585815998
854,0.8548548548548548,0.1512977679809748,-0.15192912466551298
855,0.8558558558558559,0.1571128859376756,-0.18293119747238604
856,0.8568568568568569,0.08404535377200245,-0.21375237769837357
857,0.8578578578578578,-0.0544827236035224,-0.24436218763976686
858,0.8588588588588588,-0.2070863636779328,-0.2747303586075813
859,0.8598598598598598,-0.30364592189663,-0.3048268608589502
860,0.8608608608608609,-0.2868540744495419,-0.3346219332922004
861,0.8618618618618619,-0.1421016714055624,-0.3640861128762814
862,0.8628628628628628,0.08887018696229375,-0.39319026378547844
863,0.8638638638638638,0.31889447258334963,-0.42190560621051754
864,0.8648648648648649,0.44858188066877286,-0.4502037448176733
865,0.8658658658658659,0.40903716623282044,-0.47805669682763474
866,0.8668668668668669,0.195806071977977,-0.505436919686465
867,0.8678678678678678,-0.12194623736656432,-0.5323173383011912
868,0.8688688688688688,-0.42341617157731454,-0.55867137181319
869,0.8698698698698699,-0.5825203839434728,-0.5844729598828146
870,0.8708708708708709,-0.5206765381465291,-0.6096965884593054
871,0.8718718718718719,-0.24389408221940895,-0.6343173150105277
872,0.8728728728728729,0.15282393453562362,-0.6583107931875177
873,0.8738738738738738,0.5180198654079232,-0.6816532968995307
874,0.8748748748748749,0.7021462082353574,-0.7043217437757158
875,0.8758758758758759,0.6190582583591203,-0.7262937179902479
876,0.8768768768768769,0.2852593814755994,-0.7475474924283533
877,0.8778778778778779,-0.18065068570101445,-0.7680620501712984
878,0.8788788788788788,-0.6003060159941755,-0.7878171052790847
879,0.8798798798798799,-0.8044963540536961,-0.8067931228503235
880,0.8808808808808809,-0.7018061543088175,-0.8249713383394306
881,0.8818818818818819,-0.3189791654449611,-0.8423337761120613
882,0.8828828828828829,0.2046315522730686,-0.8588632672204248
883,0.8838838838838838,0.6681680523487686,-0.8745434663808924
884,0.8848848848848849,0.8870335512613592,-0.8893588681371312
885,0.8858858858858859,0.766939271226316,-0.9032948221927525
886,0.8868868868868869,0.34433453976581097,-0.9163375478983626
887,0.8878878878878879,-0.22405156615833355,-0.9284741478786247
888,0.8888888888888888,-0.7198463103929705,-0.939692620785907
889,0.8898898898898899,-0.9477092563362866,-0.9499818731678874
890,0.8908908908908909,-0.8129193300991227,-0.9593317304373701
891,0.8918918918918919,-0.36082549802561253,-0.9677329469334984
892,0.8928928928928929,0.23829643760960587,-0.9751772150643715
893,0.8938938938938938,0.7539736212606918,-0.981657173522058
894,0.8948948948948949,0.9850145749853804,-0.9871664145618659
895,0.8958958958958959,0.838687047243334,-0.9916994903386807
896,0.8968968968968969,0.36818018207119707,-0.9952519182940989
897,0.8978978978978979,-0.2468710672490364,-0.9978201855890305
898,0.8988988988988988,-0.7696113679515265,-0.9994017525773913
899,0.8998998998998999,-0.9980178423546,-0.9999950553174459
900,0.9009009009009009,-0.8436864582321301,-0.9995995071183217
901,0.9019019019019019,-0.3663582716181926,-0.998215499120161
902,0.9029029029029029,0.24941532206747627,-0.9958443999073396
903,0.9039039039039038,0.766275061984637,-0.9924885541551353
904,0.9049049049049049,0.9863879234820502,-0.9881512803111796
905,0.9059059059059059,0.8278766897467174,-0.982836867313995
906,0.9069069069069069,0.35554850118652565,-0.97655057035185
907,0.9079079079079079,-0.24571659776314864,-0.9692986056661357
908,0.9089089089089089,-0.7439487483839364,-0.9610881444044034
909,0.9099099099099099,-0.9504026504580708,-0.9519273055291266
910,0.9109109109109109,-0.7917309363987425,-0.9418251477892255
911,0.9119119119119119,-0.33616045146528295,-0.9307916607622619
912,0.9129129129129129,0.23571876633761005,-0.9188377549761966
913,0.9139139139139139,0.7030878225842156,-0.9059752511204411
914,0.914914914914915,0.8909421812065891,-0.8922168683569042
915,0.9159159159159159,0.736222717894551,-0.8775762117425788
916,0.9169169169169169,0.30881090552337004,-0.8620677587760917
917,0.9179179179179179,-0.2195271965668652,-0.845706845081557
918,0.9189189189189189,-0.6446101299095274,-0.828509649243844
919,0.91991991991992,-0.8094674387387948,-0.8104931768102928
920,0.9209209209209209,-0.662799807132762,-0.7916752434746849
921,0.9219219219219219,-0.274305194261504,-0.7720744574600866
922,0.9229229229229229,0.19740963365638833,-0.7517102011179947
923,0.9239239239239239,0.5698755099998696,-0.7306026117619913
924,0.924924924924925,0.7079841598640464,-0.7087725617548395
925,0.9259259259259259,0.5733465241233692,-0.6862416378687334
926,0.9269269269269269,0.23361407682490987,-0.6630321199390876
927,0.9279279279279279,-0.1697928305648395,-0.639166958832987
928,0.9289289289289289,-0.48065423769369886,-0.6146697537540957
929,0.92992992992993,-0.5889934394786479,-0.5895647289064383
930,0.9309309309309309,-0.47013537647360815,-0.563876709540178
931,0.9319319319319319,-0.18784680742443324,-0.5376310974029885
932,0.9329329329329329,0.13725493443417297,-0.5108538456214113
933,0.933933933933934,0.3790850911505839,-0.48357143303694533
934,0.934934934934935,0.4554299918124261,-0.4558108380223004
935,0.9359359359359359,0.3557692875570524,-0.4275995118036696
936,0.9369369369369369,0.1382211276539508,-0.3989653513154182
937,0.9379379379379379,-0.10051374439815067,-0.3699366716140466
938,0.938938938938939,-0.2676240404033222,-0.3405421778786751
939,0.93993993993994,-0.31058965506115266,-0.3108109370257707
940,0.9409409409409409,-0.23311588200706426,-0.2807723489661503
941,0.9419419419419419,-0.08603099091957955,-0.250456117532701
942,0.9429429429429429,0.06041106875988979,-0.2198922211075816
943,0.943943943943944,0.14898478840443163,-0.18911088297791476
944,0.944944944944945,0.15804793308151413,-0.15814254144934076
945,0.9459459459459459,0.10523548928620631,-0.12701781974688017
946,0.9469469469469469,0.032612871566901125,-0.0957674957330069
947,0.9479479479479479,-0.01789351714361829,-0.06442247147276906
948,0.948948948948949,-0.026072605901083006,-0.033013742676112415
949,0.94994994994995,-0.0015715906249305685,-0.0015723680475849724
950,0.950950950950951,0.024695324813913597,0.029870561426251278
951,0.9519519519519519,0.020688465200747026,0.061283953221312935
952,0.9529529529529529,-0.026009836219632668,0.09263674402202599
953,0.953953953953954,-0.09808692424587191,0.12389793043845576
954,0.954954954954955,-0.15497450860963202,0.15503659966419703
955,0.955955955955956,-0.1534627853385951,0.1860219600446897
956,0.9569569569569569,-0.07255385576286351,0.21682337152571543
957,0.9579579579579579,0.070212391199948,0.2474103759520007
958,0.958958958958959,0.22042250290942897,0.2777527271859308
959,0.95995995995996,0.30772301332111646,0.3078204210166266
960,0.960960960960961,0.27789552499085524,0.33758372482978966
961,0.9619619619619619,0.12172243774287864,0.36701320700896467
962,0.9629629629629629,-0.11359695731148652,0.3960797660391548
963,0.963963963963964,-0.33789320861520333,0.4247546592840476
964,0.964964964964965,-0.45289977632203887,0.45300953140831257
965,0.965965965965966,-0.39494281512019624,0.480816442416962
966,0.9669669669669669,-0.16702234505977595,0.5081478952839683
967,0.9679679679679679,0.15504401734808668,0.5349768631428494
968,0.968968968968969,0.4475642012907812,0.5612768160123646
969,0.96996996996997,0.5869172551419429,0.5870217470308169
970,0.970970970970971,0.5017494780090335,0.6121861981731136
971,0.9719719719719719,0.20739865003628333,0.6367452854250594
972,0.9729729729729729,-0.19346060341544793,0.6606747233900792
973,0.973973973973974,-0.5466801483888065,0.6839508493039649
974,0.974974974974975,-0.706463306445051,0.7065506464339305
975,0.975975975975976,-0.5957256380356148,0.7284517668388605
976,0.9769769769769769,-0.24193788599448018,0.7496325534681811
977,0.9779779779779779,0.2278090408470282,0.7700720615775789
978,0.978978978978979,0.6327345338366664,0.789750079440325
979,0.97997997997998,0.8085831730694567,0.8086471483337553
980,0.980980980980981,0.6746096051250708,0.8267445817811458
981,0.9819819819819819,0.26988858144760836,0.844024484029949
982,0.9829829829829829,-0.2571348058665506,0.8604697677481057
983,0.983983983983984,-0.7035331043251017,0.8760641709209572
984,0.984984984984985,-0.8907526310282832,0.8907922729320285
985,0.985985985985986,-0.7365223615536237,0.9046395098117974
986,0.986986986986987,-0.2906773478370858,0.9175921886393654
987,0.9879879879879879,0.2805927529741597,0.9296375010827755
988,0.988988988988989,0.7572498455120598,0.9407635360646114
989,0.98998998998999,0.9509404828195528,0.9509592915403252
990,0.990990990990991,0.78001233805129,0.960214685377689
991,0.991991991991992,0.3039201837298759,0.9685205653265591
992,0.992992992992993,-0.29747099793953335,0.9758687180691358
993,0.993993993993994,-0.7924740595461511,0.9822518773417482
994,0.994994994994995,-0.9876588474365223,0.9876637311201432
995,0.995995995995996,-0.8040894117522766,0.9920989278611682
996,0.996996996996997,-0.30942878621154196,0.9955530817946743
997,0.997997997997998,0.307211791480491,0.9980227772604112
998,0.998998998998999,0.8082473306107729,0.9995055720856215
999,1.0,1.0,1.0
