,Frequencia,Amplitude(V)1,Amplitude(V)2
0,-499.5,0.049999999879659196,0.049999999879659196
1,-498.5,0.05000063124178531,0.05000063124178531
2,-497.5,0.050002525429900566,0.050002525429900566
3,-496.5,0.05000568274925961,0.05000568274925961
4,-495.5,0.05001010370876796,0.05001010370876796
5,-494.5,0.05001578902120335,0.05001578902120335
6,-493.5,0.05002273960352625,0.05002273960352625
7,-492.5,0.05003095657727973,0.05003095657727973
8,-491.5,0.05004044126907831,0.05004044126907831
9,-490.5,0.050051195211187116,0.050051195211187116
10,-489.5,0.05006322014219159,0.05006322014219159
11,-488.5,0.05007651800775784,0.05007651800775784
12,-487.5,0.05009109096148523,0.05009109096148523
13,-486.5,0.05010694136585082,0.05010694136585082
14,-485.5,0.05012407179324745,0.05012407179324745
15,-484.5,0.05014248502711617,0.05014248502711617
16,-483.5,0.05016218406317355,0.05016218406317355
17,-482.5,0.05018317211073544,0.05018317211073544
18,-481.5,0.05020545259413814,0.05020545259413814
19,-480.5,0.050229029154258475,0.050229029154258475
20,-479.5,0.05025390565013387,0.05025390565013387
21,-478.5,0.05028008616068383,0.05028008616068383
22,-477.5,0.05030757498653483,0.05030757498653483
23,-476.5,0.05033637665194982,0.05033637665194982
24,-475.5,0.05036649590686443,0.05036649590686443
25,-474.5,0.05039793772903101,0.05039793772903101
26,-473.5,0.05043070732627392,0.05043070732627392
27,-472.5,0.05046481013885665,0.05046481013885665
28,-471.5,0.050500251841963266,0.050500251841963266
29,-470.5,0.05053703834829779,0.05053703834829779
30,-469.5,0.05057517581080213,0.05057517581080213
31,-468.5,0.05061467062549617,0.05061467062549617
32,-467.5,0.050655529434442625,0.050655529434442625
33,-466.5,0.05069775912883904,0.05069775912883904
34,-465.5,0.050741366852240524,0.050741366852240524
35,-464.5,0.05078636000391588,0.05078636000391588
36,-463.5,0.05083274624234034,0.05083274624234034
37,-462.5,0.05088053348882858,0.05088053348882858
38,-461.5,0.05092972993131154,0.05092972993131154
39,-460.5,0.05098034402826083,0.05098034402826083
40,-459.5,0.051032384512764095,0.051032384512764095
41,-458.5,0.05108586039675628,0.05108586039675628
42,-457.5,0.051140780975410596,0.051140780975410596
43,-456.5,0.05119715583169359,0.05119715583169359
44,-455.5,0.051254994841089176,0.051254994841089176
45,-454.5,0.051314308176496334,0.051314308176496334
46,-453.5,0.051375106313306204,0.051375106313306204
47,-452.5,0.05143740003466285,0.05143740003466285
48,-451.5,0.051501200436914224,0.051501200436914224
49,-450.5,0.05156651893525857,0.05156651893525857
50,-449.5,0.0516333672695931,0.0516333672695931
51,-448.5,0.05170175751056996,0.05170175751056996
52,-447.5,0.051771702065867974,0.051771702065867974
53,-446.5,0.05184321368668537,0.05184321368668537
54,-445.5,0.051916305474461945,0.051916305474461945
55,-444.5,0.051990990887837915,0.051990990887837915
56,-443.5,0.05206728374985709,0.05206728374985709
57,-442.5,0.052145198255423394,0.052145198255423394
58,-441.5,0.05222474897901843,0.05222474897901843
59,-440.5,0.0523059508826902,0.0523059508826902
60,-439.5,0.052388819324321864,0.052388819324321864
61,-438.5,0.052473370066190725,0.052473370066190725
62,-437.5,0.05255961928382734,0.05255961928382734
63,-436.5,0.052647583575187125,0.052647583575187125
64,-435.5,0.0527372799701434,0.0527372799701434
65,-434.5,0.05282872594031642,0.05282872594031642
66,-433.5,0.05292193940924901,0.05292193940924901
67,-432.5,0.053016938762942986,0.053016938762942986
68,-431.5,0.05311374286076896,0.05311374286076896
69,-430.5,0.05321237104676578,0.05321237104676578
70,-429.5,0.05331284316134195,0.05331284316134195
71,-428.5,0.053415179553398064,0.053415179553398064
72,-427.5,0.05351940109288338,0.05351940109288338
73,-426.5,0.05362552918380706,0.05362552918380706
74,-425.5,0.053733585777720125,0.053733585777720125
75,-424.5,0.05384359338768793,0.05384359338768793
76,-423.5,0.053955575102773906,0.053955575102773906
77,-422.5,0.054069554603054674,0.054069554603054674
78,-421.5,0.05418555617518891,0.05418555617518891
79,-420.5,0.0543036047285642,0.0543036047285642
80,-419.5,0.054423725812044854,0.054423725812044854
81,-418.5,0.054545945631347806,0.054545945631347806
82,-417.5,0.05467029106707298,0.05467029106707298
83,-416.5,0.05479678969341651,0.05479678969341651
84,-415.5,0.054925469797597715,0.054925469797597715
85,-414.5,0.05505636040003064,0.05505636040003064
86,-413.5,0.05518949127527331,0.05518949127527331
87,-412.5,0.05532489297379145,0.05532489297379145
88,-411.5,0.05546259684457117,0.05546259684457117
89,-410.5,0.05560263505862259,0.05560263505862259
90,-409.5,0.05574504063341278,0.05574504063341278
91,-408.5,0.055889847458274196,0.055889847458274196
92,-407.5,0.05603709032083292,0.05603709032083292
93,-406.5,0.05618680493450583,0.05618680493450583
94,-405.5,0.05633902796711865,0.05633902796711865
95,-404.5,0.056493797070698425,0.056493797070698425
96,-403.5,0.05665115091249888,0.05665115091249888
97,-402.5,0.056811129207318935,0.056811129207318935
98,-401.5,0.05697377275117957,0.05697377275117957
99,-400.5,0.057139123456427056,0.057139123456427056
100,-399.5,0.05730722438833547,0.05730722438833547
101,-398.5,0.05747811980328595,0.05747811980328595
102,-397.5,0.057651855188603336,0.057651855188603336
103,-396.5,0.057828477304138697,0.057828477304138697
104,-395.5,0.05800803422568883,0.05800803422568883
105,-394.5,0.058190575390352196,0.058190575390352196
106,-393.5,0.05837615164392447,0.05837615164392447
107,-392.5,0.05856481529044716,0.05856481529044716
108,-391.5,0.05875662014402509,0.05875662014402509
109,-390.5,0.05895162158304266,0.05895162158304266
110,-389.5,0.05914987660691107,0.05914987660691107
111,-388.5,0.059351443895491976,0.059351443895491976
112,-387.5,0.05955638387135189,0.05955638387135189
113,-386.5,0.05976475876501102,0.05976475876501102
114,-385.5,0.0599766326833629,0.0599766326833629
115,-384.5,0.06019207168145449,0.06019207168145449
116,-383.5,0.060411143837827,0.060411143837827
117,-382.5,0.06063391933363582,0.06063391933363582
118,-381.5,0.060860470535781065,0.060860470535781065
119,-380.5,0.061090872084298836,0.061090872084298836
120,-379.5,0.061325200984281604,0.061325200984281604
121,-378.5,0.061563536702616634,0.061563536702616634
122,-377.5,0.061805961269853084,0.061805961269853084
123,-376.5,0.06205255938753346,0.06205255938753346
124,-375.5,0.06230341854135028,0.06230341854135028
125,-374.5,0.0625586291205191,0.0625586291205191
126,-373.5,0.06281828454378882,0.06281828454378882
127,-372.5,0.06308248139254655,0.06308248139254655
128,-371.5,0.06335131955151037,0.06335131955151037
129,-370.5,0.06362490235754721,0.06362490235754721
130,-369.5,0.06390333675719469,0.06390333675719469
131,-368.5,0.06418673347352208,0.06418673347352208
132,-367.5,0.06447520718301421,0.06447520718301421
133,-366.5,0.06476887670322844,0.06476887670322844
134,-365.5,0.06506786519203972,0.06506786519203972
135,-364.5,0.06537230035936423,0.06537230035936423
136,-363.5,0.0656823146923343,0.0656823146923343
137,-362.5,0.06599804569499085,0.06599804569499085
138,-361.5,0.06631963614365892,0.06631963614365892
139,-360.5,0.0666472343592883,0.0666472343592883
140,-359.5,0.0669809944981672,0.0669809944981672
141,-358.5,0.06732107686255714,0.06732107686255714
142,-357.5,0.06766764823295823,0.06766764823295823
143,-356.5,0.06802088222389077,0.06802088222389077
144,-355.5,0.06838095966527723,0.06838095966527723
145,-354.5,0.06874806901173704,0.06874806901173704
146,-353.5,0.06912240678235662,0.06912240678235662
147,-352.5,0.0695041780337861,0.0695041780337861
148,-351.5,0.06989359686983725,0.06989359686983725
149,-350.5,0.070290886991127,0.070290886991127
150,-349.5,0.07069628228872901,0.07069628228872901
151,-348.5,0.07111002748627498,0.07111002748627498
152,-347.5,0.07153237883549464,0.07153237883549464
153,-346.5,0.07196360487080866,0.07196360487080866
154,-345.5,0.07240398722931278,0.07240398722931278
155,-344.5,0.07285382154332011,0.07285382154332011
156,-343.5,0.07331341841359204,0.07331341841359204
157,-342.5,0.07378310447250179,0.07378310447250179
158,-341.5,0.07426322354767358,0.07426322354767358
159,-340.5,0.07475413793815551,0.07475413793815551
160,-339.5,0.07525622981695984,0.07525622981695984
161,-338.5,0.07576990277589235,0.07576990277589235
162,-337.5,0.07629558353105875,0.07629558353105875
163,-336.5,0.07683372381035876,0.07683372381035876
164,-335.5,0.07738480244775783,0.07738480244775783
165,-334.5,0.07794932771328811,0.07794932771328811
166,-333.5,0.07852783991272838,0.07852783991272838
167,-332.5,0.07912091429695248,0.07912091429695248
168,-331.5,0.07972916432825972,0.07972916432825972
169,-330.5,0.08035324535994835,0.08035324535994835
170,-329.5,0.08099385879637197,0.08099385879637197
171,-328.5,0.08165175681428952,0.08165175681428952
172,-327.5,0.082327747743191,0.082327747743191
173,-326.5,0.08302270222341916,0.08302270222341916
174,-325.5,0.08373756028757992,0.08373756028757992
175,-324.5,0.08447333954467132,0.08447333954467132
176,-323.5,0.08523114468991182,0.08523114468991182
177,-322.5,0.08601217861966026,0.08601217861966026
178,-321.5,0.08681775550463111,0.08681775550463111
179,-320.5,0.08764931627223158,0.08764931627223158
180,-319.5,0.08850844707950542,0.08850844707950542
181,-318.5,0.08939690153527909,0.08939690153527909
182,-317.5,0.09031662767359873,0.09031662767359873
183,-316.5,0.09126980102045681,0.09126980102045681
184,-315.5,0.09225886557846737,0.09225886557846737
185,-314.5,0.09328658525249332,0.09328658525249332
186,-313.5,0.09435610927107291,0.09435610927107291
187,-312.5,0.09547105671941533,0.09547105671941533
188,-311.5,0.09663562772474729,0.09663562772474729
189,-310.5,0.09785475271841314,0.09785475271841314
190,-309.5,0.09913429764018074,0.09913429764018074
191,-308.5,0.10048135407743614,0.10048135407743614
192,-307.5,0.10190466350388917,0.10190466350388917
193,-306.5,0.1034152635315374,0.1034152635315374
194,-305.5,0.10502752400816415,0.10502752400816415
195,-304.5,0.10676092107740785,0.10676092107740785
196,-303.5,0.10864335458545915,0.10864335458545915
197,-302.5,0.11071817723261616,0.11071817723261616
198,-301.5,0.11306227740108628,0.11306227740108628
199,-300.5,0.11585259962672292,0.11585259962672292
200,-299.5,0.12021314225436647,0.12021314225436647
201,-298.5,0.12441453844334362,0.12441453844334362
202,-297.5,0.12796259240760435,0.12796259240760435
203,-296.5,0.1311863943572565,0.1311863943572565
204,-295.5,0.13419134815190584,0.13419134815190584
205,-294.5,0.13703164711322544,0.13703164711322544
206,-293.5,0.1397405724891484,0.1397405724891484
207,-292.5,0.1423406965516244,0.1423406965516244
208,-291.5,0.14484834729416607,0.14484834729416607
209,-290.5,0.1472758854156678,0.1472758854156678
210,-289.5,0.14963299130605454,0.14963299130605454
211,-288.5,0.15192744872626207,0.15192744872626207
212,-287.5,0.15416564986699682,0.15416564986699682
213,-286.5,0.15635293574597905,0.15635293574597905
214,-285.5,0.15849383410366705,0.15849383410366705
215,-284.5,0.16059223073174822,0.16059223073174822
216,-283.5,0.16265149602094148,0.16265149602094148
217,-282.5,0.1646745804733162,0.1646745804733162
218,-281.5,0.16666408814905517,0.16666408814905517
219,-280.5,0.16862233407397242,0.16862233407397242
220,-279.5,0.1705513897601627,0.1705513897601627
221,-278.5,0.17245311976518848,0.17245311976518848
222,-277.5,0.17432921139172744,0.17432921139172744
223,-276.5,0.17618119906464572,0.17618119906464572
224,-275.5,0.1780104845271922,0.1780104845271922
225,-274.5,0.17981835371653618,0.17981835371653618
226,-273.5,0.18160599097521213,0.18160599097521213
227,-272.5,0.18337449110552434,0.18337449110552434
228,-271.5,0.1851248696627491,0.1851248696627491
229,-270.5,0.18685807179922806,0.18685807179922806
230,-269.5,0.18857497990769082,0.18857497990769082
231,-268.5,0.19027642026309588,0.19027642026309588
232,-267.5,0.19196316882419417,0.19196316882419417
233,-266.5,0.19363595632617797,0.19363595632617797
234,-265.5,0.1952954727722107,0.1952954727722107
235,-264.5,0.19694237141287657,0.19694237141287657
236,-263.5,0.1985772722875521,0.1985772722875521
237,-262.5,0.20020076538957546,0.20020076538957546
238,-261.5,0.2018134135072434,0.2018134135072434
239,-260.5,0.20341575478462964,0.20341575478462964
240,-259.5,0.20500830503962508,0.20500830503962508
241,-258.5,0.20659155987116667,0.20659155987116667
242,-257.5,0.20816599658311968,0.20816599658311968
243,-256.5,0.20973207594854212,0.20973207594854212
244,-255.5,0.21129024383494394,0.21129024383494394
245,-254.5,0.21284093270854879,0.21284093270854879
246,-253.5,0.21438456303338999,0.21438456303338999
247,-252.5,0.21592154457924745,0.21592154457924745
248,-251.5,0.21745227765090683,0.21745227765090683
249,-250.5,0.21897715424994874,0.21897715424994874
250,-249.5,0.22049655917921943,0.22049655917921943
251,-248.5,0.22201087109926165,0.22201087109926165
252,-247.5,0.22352046354528077,0.22352046354528077
253,-246.5,0.2250257059126548,0.2250257059126548
254,-245.5,0.22652696441856812,0.22652696441856812
255,-244.5,0.2280246030470376,0.2280246030470376
256,-243.5,0.22951898448440072,0.22951898448440072
257,-242.5,0.23101047105224848,0.23101047105224848
258,-241.5,0.2324994256448039,0.2324994256448039
259,-240.5,0.23398621267787809,0.23398621267787809
260,-239.5,0.23547119905677885,0.23547119905677885
261,-238.5,0.23695475517091208,0.23695475517091208
262,-237.5,0.23843725592332005,0.23843725592332005
263,-236.5,0.2399190818040469,0.2399190818040469
264,-235.5,0.24140062001704676,0.24140062001704676
265,-234.5,0.24288226567136537,0.24288226567136537
266,-233.5,0.24436442304857842,0.24436442304857842
267,-232.5,0.24584750695999333,0.24584750695999333
268,-231.5,0.2473319442089754,0.2473319442089754
269,-230.5,0.24881817517601454,0.24881817517601454
270,-229.5,0.2503066555468876,0.2503066555468876
271,-228.5,0.2517978582076129,0.2517978582076129
272,-227.5,0.2532922753339817,0.2532922753339817
273,-226.5,0.2547904207084681,0.2547904207084681
274,-225.5,0.25629283230351596,0.25629283230351596
275,-224.5,0.2578000751778915,0.2578000751778915
276,-223.5,0.2593127447424,0.2593127447424
277,-222.5,0.2608314704633566,0.2608314704633566
278,-221.5,0.26235692008753,0.26235692008753
279,-220.5,0.26388980449188787,0.26388980449188787
280,-219.5,0.26543088328676734,0.26543088328676734
281,-218.5,0.2669809713340753,0.2669809713340753
282,-217.5,0.26854094638556314,0.26854094638556314
283,-216.5,0.27011175810414273,0.27011175810414273
284,-215.5,0.27169443880937955,0.27169443880937955
285,-214.5,0.2732901163953132,0.2732901163953132
286,-213.5,0.2749000300174029,0.2749000300174029
287,-212.5,0.27652554935525664,0.27652554935525664
288,-211.5,0.278168198559228,0.278168198559228
289,-210.5,0.279829686429895,0.279829686429895
290,-209.5,0.28151194503661015,0.28151194503661015
291,-208.5,0.2832171799784468,0.2832171799784468
292,-207.5,0.28494793702477694,0.28494793702477694
293,-206.5,0.2867071922346951,0.2867071922346951
294,-205.5,0.288498476154454,0.288498476154454
295,-204.5,0.29032604695191616,0.29032604695191616
296,-203.5,0.2921951268030936,0.2921951268030936
297,-202.5,0.29411216963495407,0.29411216963495407
298,-201.5,0.29608470477071286,0.29608470477071286
299,-200.5,0.29811533735716095,0.29811533735716095
300,-199.5,0.2993672144930175,0.0
301,-198.5,0.2967887419925474,0.0
302,-197.5,0.29439455467993203,0.0
303,-196.5,0.29211103269561195,0.0
304,-195.5,0.28990886822614237,0.0
305,-194.5,0.28777184679869217,0.0
306,-193.5,0.2856892416142458,0.0
307,-192.5,0.2836532694785914,0.0
308,-191.5,0.28165795429566065,0.0
309,-190.5,0.2796985271963387,0.0
310,-189.5,0.2777710739949037,0.0
311,-188.5,0.2758723118453174,0.0
312,-187.5,0.273999439661672,0.0
313,-186.5,0.2721500335463884,0.0
314,-185.5,0.27032197113665507,0.0
315,-184.5,0.26851337531699637,0.0
316,-183.5,0.2667225713494181,0.0
317,-182.5,0.2649480535677832,0.0
318,-181.5,0.26318845905630817,0.0
319,-180.5,0.26144254653514337,0.0
320,-179.5,0.2597091791989134,0.0
321,-178.5,0.2579873106040839,0.0
322,-177.5,0.2562759729409959,0.0
323,-176.5,0.25457426719447696,0.0
324,-175.5,0.2528813548168968,0.0
325,-174.5,0.25119645062461293,0.0
326,-173.5,0.2495188166929398,0.0
327,-172.5,0.24784775707273093,0.0
328,-171.5,0.24618261318796616,0.0
329,-170.5,0.2445227598015067,0.0
330,-169.5,0.2428676014576714,0.0
331,-168.5,0.2412165693270576,0.0
332,-167.5,0.2395691183922462,0.0
333,-166.5,0.23792472492351774,0.0
334,-165.5,0.23628288420209703,0.0
335,-164.5,0.23464310845519348,0.0
336,-163.5,0.23300492497257322,0.0
337,-162.5,0.23136787437884362,0.0
338,-161.5,0.229731509039268,0.0
339,-160.5,0.22809539157990422,0.0
340,-159.5,0.2264590935053084,0.0
341,-158.5,0.22482219389905714,0.0
342,-157.5,0.2231842781939907,0.0
343,-156.5,0.22154493700043,0.0
344,-155.5,0.2199037649817194,0.0
345,-154.5,0.21826035976732333,0.0
346,-153.5,0.21661432089439986,0.0
347,-152.5,0.2149652487692989,0.0
348,-151.5,0.21331274364080896,0.0
349,-150.5,0.211656404577218,0.0
350,-149.5,0.20999582843936074,0.0
351,-148.5,0.20833060884181423,0.0
352,-147.5,0.2066603350942607,0.0
353,-146.5,0.20498459111477288,0.0
354,-145.5,0.20330295430637532,0.0
355,-144.5,0.20161499438769684,0.0
356,-143.5,0.19992027216782388,0.0
357,-142.5,0.19821833825459548,0.0
358,-141.5,0.19650873168450111,0.0
359,-140.5,0.19479097846104115,0.0
360,-139.5,0.19306458998683473,0.0
361,-138.5,0.1913290613728695,0.0
362,-137.5,0.18958386960602525,0.0
363,-136.5,0.18782847155328447,0.0
364,-135.5,0.1860623017777836,0.0
365,-134.5,0.18428477013793923,0.0
366,-133.5,0.18249525913615056,0.0
367,-132.5,0.1806931209778559,0.0
368,-131.5,0.17887767429475737,0.0
369,-130.5,0.1770482004775256,0.0
370,-129.5,0.17520393955285643,0.0
371,-128.5,0.17334408552686095,0.0
372,-127.5,0.17146778110075453,0.0
373,-126.5,0.16957411164477657,0.0
374,-125.5,0.1676620982910402,0.0
375,-124.5,0.16573068997396875,0.0
376,-123.5,0.16377875420595933,0.0
377,-122.5,0.1618050663229192,0.0
378,-121.5,0.15980829686519624,0.0
379,-120.5,0.15778699666827983,0.0
380,-119.5,0.1557395791161036,0.0
381,-118.5,0.1536642988456386,0.0
382,-117.5,0.15155922596675678,0.0
383,-116.5,0.14942221454904553,0.0
384,-115.5,0.14725086368599982,0.0
385,-114.5,0.14504246881197885,0.0
386,-113.5,0.14279396001449612,0.0
387,-112.5,0.14050182268234698,0.0
388,-111.5,0.13816199366729273,0.0
389,-110.5,0.13576972270063137,0.0
390,-109.5,0.13331938315699893,0.0
391,-108.5,0.1308042065965049,0.0
392,-107.5,0.128215898203343,0.0
393,-106.5,0.12554405742879532,0.0
394,-105.5,0.12277526156399705,0.0
395,-104.5,0.11989152273889382,0.0
396,-103.5,0.11686746489626247,0.0
397,-102.5,0.11366451994745956,0.0
398,-101.5,0.11021667359712031,0.0
399,-100.5,0.10638251052443454,0.0
400,-99.5,0.10160691795133948,0.0
401,-98.5,0.09825575421802447,0.0
402,-97.5,0.09574822085864505,0.0
403,-96.5,0.09359134814665133,0.0
404,-95.5,0.0916634261834242,0.0
405,-94.5,0.08990546524705824,0.0
406,-93.5,0.08828226796689538,0.0
407,-92.5,0.08677037122532945,0.0
408,-91.5,0.08535299569435625,0.0
409,-90.5,0.08401754106100205,0.0
410,-89.5,0.08275419789248457,0.0
411,-88.5,0.08155511472686659,0.0
412,-87.5,0.08041386740765383,0.0
413,-86.5,0.07932510469231549,0.0
414,-85.5,0.07828430241970755,0.0
415,-84.5,0.07728758755484205,0.0
416,-83.5,0.07633160889121349,0.0
417,-82.5,0.07541343988466759,0.0
418,-81.5,0.07453050420815482,0.0
419,-80.5,0.07368051774492347,0.0
420,-79.5,0.07286144271531642,0.0
421,-78.5,0.072071450919234,0.0
422,-77.5,0.0713088939353177,0.0
423,-76.5,0.07057227870433828,0.0
424,-75.5,0.06986024733276848,0.0
425,-74.5,0.06917156024225196,0.0
426,-73.5,0.06850508199956877,0.0
427,-72.5,0.06785976931454385,0.0
428,-71.5,0.06723466080671331,0.0
429,-70.5,0.06662886822669678,0.0
430,-69.5,0.0660415688828881,0.0
431,-68.5,0.06547199907371262,0.0
432,-67.5,0.0649194483641728,0.0
433,-66.5,0.0643832545754961,0.0
434,-65.5,0.0638627993804338,0.0
435,-64.5,0.06335750441562972,0.0
436,-63.5,0.06286682783758844,0.0
437,-62.5,0.06239026126095835,0.0
438,-61.5,0.06192732702773627,0.0
439,-60.5,0.06147757576407502,0.0
440,-59.5,0.06104058418800905,0.0
441,-58.5,0.060615953136891276,0.0
442,-57.5,0.060203305787878886,0.0
443,-56.5,0.059802286048599065,0.0
444,-55.5,0.059412557098302184,0.0
445,-54.5,0.059033800062484335,0.0
446,-53.5,0.058665712806220946,0.0
447,-52.5,0.05830800883337038,0.0
448,-51.5,0.05796041628044053,0.0
449,-50.5,0.05762267699530619,0.0
450,-49.5,0.05729454569216393,0.0
451,-48.5,0.05697578917514058,0.0
452,-47.5,0.05666618562386232,0.0
453,-46.5,0.05636552393506101,0.0
454,-45.5,0.056073603114964295,0.0
455,-44.5,0.05579023171779885,0.0
456,-43.5,0.05551522732624475,0.0
457,-42.5,0.05524841607012533,0.0
458,-41.5,0.054989632180007686,0.0
459,-40.5,0.05473871757273361,0.0
460,-39.5,0.054495521466204254,0.0
461,-38.5,0.05425990002101012,0.0
462,-37.5,0.05403171600673579,0.0
463,-36.5,0.053810838490981346,0.0
464,-35.5,0.053597142549326564,0.0
465,-34.5,0.05339050899463644,0.0
466,-33.5,0.053190824124251676,0.0
467,-32.5,0.052997979483744594,0.0
468,-31.5,0.05281187164603864,0.0
469,-30.5,0.052632402004799995,0.0
470,-29.5,0.05245947658110316,0.0
471,-28.5,0.05229300584246434,0.0
472,-27.5,0.05213290453341061,0.0
473,-26.5,0.0519790915168277,0.0
474,-25.5,0.05183148962539233,0.0
475,-24.5,0.05169002552245373,0.0
476,-23.5,0.05155462957178285,0.0
477,-22.5,0.05142523571565589,0.0
478,-21.5,0.05130178136078307,0.0
479,-20.5,0.0511842072716344,0.0
480,-19.5,0.05107245747075075,0.0
481,-18.5,0.05096647914566339,0.0
482,-17.5,0.050866222562074605,0.0
483,-16.5,0.05077164098298331,0.0
484,-15.5,0.050682690593463704,0.0
485,-14.5,0.05059933043083088,0.0
486,-13.5,0.05052152231994954,0.0
487,-12.5,0.05044923081346369,0.0
488,-11.5,0.050382423136743015,0.0
489,-10.5,0.050321069137363506,0.0
490,-9.5,0.050265141238952066,0.0
491,-8.5,0.05021461439924665,0.0
492,-7.5,0.05016946607223299,0.0
493,-6.5,0.050129676174239086,0.0
494,-5.5,0.05009522705387643,0.0
495,-4.5,0.05006610346573509,0.0
496,-3.5,0.05004229254774867,0.0
497,-2.5,0.05002378380215938,0.0
498,-1.5,0.05001056908002286,0.0
499,-0.5,0.05000264256920625,0.0
500,0.5,0.05000000078584113,0.0
501,1.5,0.050002642569206265,0.0
502,2.5,0.05001056908002281,0.0
503,3.5,0.050023783802159404,0.0
504,4.5,0.0500422925477487,0.0
505,5.5,0.05006610346573513,0.0
506,6.5,0.05009522705387646,0.0
507,7.5,0.050129676174239184,0.0
508,8.5,0.05016946607223299,0.0
509,9.5,0.05021461439924661,0.0
510,10.5,0.05026514123895214,0.0
511,11.5,0.05032106913736349,0.0
512,12.5,0.050382423136743,0.0
513,13.5,0.0504492308134637,0.0
514,14.5,0.05052152231994956,0.0
515,15.5,0.050599330430830876,0.0
516,16.5,0.050682690593463746,0.0
517,17.5,0.05077164098298333,0.0
518,18.5,0.050866222562074626,0.0
519,19.5,0.05096647914566344,0.0
520,20.5,0.05107245747075081,0.0
521,21.5,0.05118420727163439,0.0
522,22.5,0.05130178136078312,0.0
523,23.5,0.051425235715655944,0.0
524,24.5,0.051554629571782876,0.0
525,25.5,0.05169002552245374,0.0
526,26.5,0.05183148962539233,0.0
527,27.5,0.05197909151682775,0.0
528,28.5,0.0521329045334106,0.0
529,29.5,0.05229300584246439,0.0
530,30.5,0.05245947658110318,0.0
531,31.5,0.052632402004799995,0.0
532,32.5,0.052811871646038684,0.0
533,33.5,0.052997979483744594,0.0
534,34.5,0.053190824124251676,0.0
535,35.5,0.053390508994636425,0.0
536,36.5,0.05359714254932654,0.0
537,37.5,0.05381083849098132,0.0
538,38.5,0.0540317160067358,0.0
539,39.5,0.05425990002101007,0.0
540,40.5,0.054495521466204254,0.0
541,41.5,0.054738717572733665,0.0
542,42.5,0.05498963218000765,0.0
543,43.5,0.05524841607012532,0.0
544,44.5,0.055515227326244754,0.0
545,45.5,0.05579023171779886,0.0
546,46.5,0.05607360311496427,0.0
547,47.5,0.05636552393506101,0.0
548,48.5,0.05666618562386234,0.0
549,49.5,0.05697578917514061,0.0
550,50.5,0.057294545692163946,0.0
551,51.5,0.05762267699530621,0.0
552,52.5,0.057960416280440546,0.0
553,53.5,0.05830800883337038,0.0
554,54.5,0.058665712806220946,0.0
555,55.5,0.05903380006248432,0.0
556,56.5,0.05941255709830216,0.0
557,57.5,0.0598022860485991,0.0
558,58.5,0.06020330578787888,0.0
559,59.5,0.060615953136891276,0.0
560,60.5,0.061040584188009034,0.0
561,61.5,0.06147757576407502,0.0
562,62.5,0.06192732702773632,0.0
563,63.5,0.062390261260958334,0.0
564,64.5,0.06286682783758844,0.0
565,65.5,0.06335750441562976,0.0
566,66.5,0.06386279938043384,0.0
567,67.5,0.06438325457549612,0.0
568,68.5,0.0649194483641728,0.0
569,69.5,0.06547199907371264,0.0
570,70.5,0.06604156888288813,0.0
571,71.5,0.06662886822669678,0.0
572,72.5,0.06723466080671332,0.0
573,73.5,0.06785976931454386,0.0
574,74.5,0.0685050819995688,0.0
575,75.5,0.06917156024225193,0.0
576,76.5,0.06986024733276848,0.0
577,77.5,0.0705722787043383,0.0
578,78.5,0.0713088939353177,0.0
579,79.5,0.07207145091923398,0.0
580,80.5,0.07286144271531642,0.0
581,81.5,0.0736805177449235,0.0
582,82.5,0.0745305042081548,0.0
583,83.5,0.07541343988466757,0.0
584,84.5,0.0763316088912135,0.0
585,85.5,0.07728758755484205,0.0
586,86.5,0.0782843024197075,0.0
587,87.5,0.07932510469231545,0.0
588,88.5,0.08041386740765381,0.0
589,89.5,0.08155511472686659,0.0
590,90.5,0.08275419789248455,0.0
591,91.5,0.08401754106100205,0.0
592,92.5,0.08535299569435624,0.0
593,93.5,0.08677037122532945,0.0
594,94.5,0.08828226796689538,0.0
595,95.5,0.08990546524705824,0.0
596,96.5,0.09166342618342418,0.0
597,97.5,0.09359134814665136,0.0
598,98.5,0.09574822085864503,0.0
599,99.5,0.0982557542180244,0.0
600,100.5,0.10160691795133947,0.0
601,101.5,0.10638251052443458,0.0
602,102.5,0.11021667359712034,0.0
603,103.5,0.11366451994745955,0.0
604,104.5,0.11686746489626243,0.0
605,105.5,0.11989152273889381,0.0
606,106.5,0.12277526156399704,0.0
607,107.5,0.12554405742879532,0.0
608,108.5,0.12821589820334306,0.0
609,109.5,0.1308042065965049,0.0
610,110.5,0.13331938315699887,0.0
611,111.5,0.1357697227006314,0.0
612,112.5,0.13816199366729273,0.0
613,113.5,0.14050182268234698,0.0
614,114.5,0.14279396001449612,0.0
615,115.5,0.1450424688119788,0.0
616,116.5,0.14725086368599982,0.0
617,117.5,0.14942221454904556,0.0
618,118.5,0.15155922596675678,0.0
619,119.5,0.1536642988456386,0.0
620,120.5,0.15573957911610353,0.0
621,121.5,0.15778699666827983,0.0
622,122.5,0.15980829686519624,0.0
623,123.5,0.1618050663229191,0.0
624,124.5,0.1637787542059593,0.0
625,125.5,0.16573068997396875,0.0
626,126.5,0.16766209829104015,0.0
627,127.5,0.16957411164477654,0.0
628,128.5,0.17146778110075453,0.0
629,129.5,0.17334408552686092,0.0
630,130.5,0.1752039395528564,0.0
631,131.5,0.1770482004775256,0.0
632,132.5,0.17887767429475734,0.0
633,133.5,0.1806931209778559,0.0
634,134.5,0.18249525913615053,0.0
635,135.5,0.18428477013793923,0.0
636,136.5,0.1860623017777836,0.0
637,137.5,0.18782847155328444,0.0
638,138.5,0.1895838696060252,0.0
639,139.5,0.19132906137286942,0.0
640,140.5,0.19306458998683473,0.0
641,141.5,0.1947909784610412,0.0
642,142.5,0.19650873168450111,0.0
643,143.5,0.19821833825459542,0.0
644,144.5,0.1999202721678239,0.0
645,145.5,0.20161499438769684,0.0
646,146.5,0.20330295430637532,0.0
647,147.5,0.20498459111477288,0.0
648,148.5,0.2066603350942607,0.0
649,149.5,0.20833060884181417,0.0
650,150.5,0.20999582843936065,0.0
651,151.5,0.211656404577218,0.0
652,152.5,0.21331274364080896,0.0
653,153.5,0.21496524876929882,0.0
654,154.5,0.21661432089439986,0.0
655,155.5,0.2182603597673233,0.0
656,156.5,0.21990376498171932,0.0
657,157.5,0.22154493700042993,0.0
658,158.5,0.22318427819399064,0.0
659,159.5,0.22482219389905714,0.0
660,160.5,0.2264590935053084,0.0
661,161.5,0.22809539157990424,0.0
662,162.5,0.229731509039268,0.0
663,163.5,0.23136787437884362,0.0
664,164.5,0.23300492497257322,0.0
665,165.5,0.23464310845519354,0.0
666,166.5,0.23628288420209698,0.0
667,167.5,0.23792472492351774,0.0
668,168.5,0.23956911839224615,0.0
669,169.5,0.2412165693270576,0.0
670,170.5,0.2428676014576714,0.0
671,171.5,0.2445227598015067,0.0
672,172.5,0.2461826131879661,0.0
673,173.5,0.24784775707273093,0.0
674,174.5,0.24951881669293985,0.0
675,175.5,0.251196450624613,0.0
676,176.5,0.25288135481689666,0.0
677,177.5,0.2545742671944769,0.0
678,178.5,0.2562759729409959,0.0
679,179.5,0.257987310604084,0.0
680,180.5,0.2597091791989134,0.0
681,181.5,0.2614425465351434,0.0
682,182.5,0.2631884590563082,0.0
683,183.5,0.2649480535677833,0.0
684,184.5,0.2667225713494181,0.0
685,185.5,0.2685133753169964,0.0
686,186.5,0.27032197113665496,0.0
687,187.5,0.2721500335463884,0.0
688,188.5,0.27399943966167195,0.0
689,189.5,0.27587231184531735,0.0
690,190.5,0.27777107399490375,0.0
691,191.5,0.27969852719633875,0.0
692,192.5,0.28165795429566065,0.0
693,193.5,0.2836532694785913,0.0
694,194.5,0.2856892416142458,0.0
695,195.5,0.28777184679869217,0.0
696,196.5,0.2899088682261423,0.0
697,197.5,0.2921110326956119,0.0
698,198.5,0.29439455467993203,0.0
699,199.5,0.2967887419925474,0.0
700,200.5,0.2993672144930175,0.2993672144930175
701,201.5,0.29811533735716095,0.29811533735716095
702,202.5,0.2960847047707128,0.2960847047707128
703,203.5,0.2941121696349541,0.2941121696349541
704,204.5,0.29219512680309356,0.29219512680309356
705,205.5,0.29032604695191616,0.29032604695191616
706,206.5,0.288498476154454,0.288498476154454
707,207.5,0.2867071922346952,0.2867071922346952
708,208.5,0.284947937024777,0.284947937024777
709,209.5,0.28321717997844686,0.28321717997844686
710,210.5,0.2815119450366101,0.2815119450366101
711,211.5,0.2798296864298949,0.2798296864298949
712,212.5,0.278168198559228,0.278168198559228
713,213.5,0.27652554935525664,0.27652554935525664
714,214.5,0.2749000300174029,0.2749000300174029
715,215.5,0.2732901163953131,0.2732901163953131
716,216.5,0.27169443880937955,0.27169443880937955
717,217.5,0.2701117581041427,0.2701117581041427
718,218.5,0.26854094638556314,0.26854094638556314
719,219.5,0.26698097133407517,0.26698097133407517
720,220.5,0.2654308832867674,0.2654308832867674
721,221.5,0.2638898044918878,0.2638898044918878
722,222.5,0.26235692008753,0.26235692008753
723,223.5,0.26083147046335664,0.26083147046335664
724,224.5,0.25931274474240007,0.25931274474240007
725,225.5,0.25780007517789144,0.25780007517789144
726,226.5,0.2562928323035159,0.2562928323035159
727,227.5,0.2547904207084681,0.2547904207084681
728,228.5,0.2532922753339817,0.2532922753339817
729,229.5,0.2517978582076129,0.2517978582076129
730,230.5,0.2503066555468876,0.2503066555468876
731,231.5,0.24881817517601462,0.24881817517601462
732,232.5,0.24733194420897536,0.24733194420897536
733,233.5,0.2458475069599933,0.2458475069599933
734,234.5,0.2443644230485785,0.2443644230485785
735,235.5,0.24288226567136534,0.24288226567136534
736,236.5,0.24140062001704674,0.24140062001704674
737,237.5,0.23991908180404686,0.23991908180404686
738,238.5,0.23843725592332005,0.23843725592332005
739,239.5,0.23695475517091208,0.23695475517091208
740,240.5,0.23547119905677885,0.23547119905677885
741,241.5,0.23398621267787809,0.23398621267787809
742,242.5,0.2324994256448039,0.2324994256448039
743,243.5,0.23101047105224848,0.23101047105224848
744,244.5,0.22951898448440078,0.22951898448440078
745,245.5,0.22802460304703764,0.22802460304703764
746,246.5,0.22652696441856807,0.22652696441856807
747,247.5,0.22502570591265486,0.22502570591265486
748,248.5,0.22352046354528077,0.22352046354528077
749,249.5,0.2220108710992616,0.2220108710992616
750,250.5,0.22049655917921943,0.22049655917921943
751,251.5,0.21897715424994882,0.21897715424994882
752,252.5,0.21745227765090683,0.21745227765090683
753,253.5,0.21592154457924745,0.21592154457924745
754,254.5,0.21438456303339,0.21438456303339
755,255.5,0.21284093270854884,0.21284093270854884
756,256.5,0.21129024383494394,0.21129024383494394
757,257.5,0.20973207594854212,0.20973207594854212
758,258.5,0.20816599658311968,0.20816599658311968
759,259.5,0.20659155987116667,0.20659155987116667
760,260.5,0.20500830503962514,0.20500830503962514
761,261.5,0.20341575478462964,0.20341575478462964
762,262.5,0.20181341350724347,0.20181341350724347
763,263.5,0.20020076538957546,0.20020076538957546
764,264.5,0.1985772722875521,0.1985772722875521
765,265.5,0.19694237141287654,0.19694237141287654
766,266.5,0.1952954727722107,0.1952954727722107
767,267.5,0.193635956326178,0.193635956326178
768,268.5,0.1919631688241942,0.1919631688241942
769,269.5,0.19027642026309588,0.19027642026309588
770,270.5,0.18857497990769084,0.18857497990769084
771,271.5,0.18685807179922806,0.18685807179922806
772,272.5,0.1851248696627491,0.1851248696627491
773,273.5,0.18337449110552434,0.18337449110552434
774,274.5,0.18160599097521213,0.18160599097521213
775,275.5,0.17981835371653618,0.17981835371653618
776,276.5,0.1780104845271922,0.1780104845271922
777,277.5,0.17618119906464572,0.17618119906464572
778,278.5,0.17432921139172752,0.17432921139172752
779,279.5,0.17245311976518848,0.17245311976518848
780,280.5,0.1705513897601627,0.1705513897601627
781,281.5,0.16862233407397242,0.16862233407397242
782,282.5,0.16666408814905515,0.16666408814905515
783,283.5,0.16467458047331623,0.16467458047331623
784,284.5,0.16265149602094148,0.16265149602094148
785,285.5,0.16059223073174822,0.16059223073174822
786,286.5,0.15849383410366708,0.15849383410366708
787,287.5,0.156352935745979,0.156352935745979
788,288.5,0.15416564986699677,0.15416564986699677
789,289.5,0.15192744872626202,0.15192744872626202
790,290.5,0.14963299130605456,0.14963299130605456
791,291.5,0.1472758854156678,0.1472758854156678
792,292.5,0.14484834729416607,0.14484834729416607
793,293.5,0.1423406965516244,0.1423406965516244
794,294.5,0.1397405724891484,0.1397405724891484
795,295.5,0.1370316471132255,0.1370316471132255
796,296.5,0.13419134815190586,0.13419134815190586
797,297.5,0.13118639435725646,0.13118639435725646
798,298.5,0.12796259240760435,0.12796259240760435
799,299.5,0.12441453844334362,0.12441453844334362
800,300.5,0.12021314225436651,0.12021314225436651
801,301.5,0.11585259962672292,0.11585259962672292
802,302.5,0.11306227740108629,0.11306227740108629
803,303.5,0.11071817723261616,0.11071817723261616
804,304.5,0.10864335458545912,0.10864335458545912
805,305.5,0.10676092107740778,0.10676092107740778
806,306.5,0.10502752400816412,0.10502752400816412
807,307.5,0.10341526353153743,0.10341526353153743
808,308.5,0.10190466350388917,0.10190466350388917
809,309.5,0.10048135407743608,0.10048135407743608
810,310.5,0.09913429764018071,0.09913429764018071
811,311.5,0.09785475271841318,0.09785475271841318
812,312.5,0.09663562772474732,0.09663562772474732
813,313.5,0.09547105671941535,0.09547105671941535
814,314.5,0.09435610927107291,0.09435610927107291
815,315.5,0.0932865852524933,0.0932865852524933
816,316.5,0.09225886557846734,0.09225886557846734
817,317.5,0.09126980102045681,0.09126980102045681
818,318.5,0.09031662767359878,0.09031662767359878
819,319.5,0.08939690153527907,0.08939690153527907
820,320.5,0.08850844707950542,0.08850844707950542
821,321.5,0.0876493162722316,0.0876493162722316
822,322.5,0.08681775550463104,0.08681775550463104
823,323.5,0.08601217861966026,0.08601217861966026
824,324.5,0.0852311446899118,0.0852311446899118
825,325.5,0.08447333954467132,0.08447333954467132
826,326.5,0.0837375602875799,0.0837375602875799
827,327.5,0.08302270222341913,0.08302270222341913
828,328.5,0.08232774774319097,0.08232774774319097
829,329.5,0.08165175681428953,0.08165175681428953
830,330.5,0.08099385879637201,0.08099385879637201
831,331.5,0.08035324535994838,0.08035324535994838
832,332.5,0.07972916432825972,0.07972916432825972
833,333.5,0.07912091429695245,0.07912091429695245
834,334.5,0.0785278399127284,0.0785278399127284
835,335.5,0.07794932771328811,0.07794932771328811
836,336.5,0.07738480244775789,0.07738480244775789
837,337.5,0.07683372381035877,0.07683372381035877
838,338.5,0.07629558353105874,0.07629558353105874
839,339.5,0.0757699027758924,0.0757699027758924
840,340.5,0.07525622981695985,0.07525622981695985
841,341.5,0.0747541379381555,0.0747541379381555
842,342.5,0.07426322354767355,0.07426322354767355
843,343.5,0.07378310447250179,0.07378310447250179
844,344.5,0.07331341841359204,0.07331341841359204
845,345.5,0.07285382154332008,0.07285382154332008
846,346.5,0.07240398722931278,0.07240398722931278
847,347.5,0.07196360487080866,0.07196360487080866
848,348.5,0.07153237883549461,0.07153237883549461
849,349.5,0.07111002748627496,0.07111002748627496
850,350.5,0.07069628228872893,0.07069628228872893
851,351.5,0.07029088699112698,0.07029088699112698
852,352.5,0.06989359686983725,0.06989359686983725
853,353.5,0.0695041780337861,0.0695041780337861
854,354.5,0.06912240678235662,0.06912240678235662
855,355.5,0.06874806901173704,0.06874806901173704
856,356.5,0.06838095966527721,0.06838095966527721
857,357.5,0.06802088222389077,0.06802088222389077
858,358.5,0.06766764823295829,0.06766764823295829
859,359.5,0.0673210768625571,0.0673210768625571
860,360.5,0.06698099449816719,0.06698099449816719
861,361.5,0.06664723435928838,0.06664723435928838
862,362.5,0.06631963614365888,0.06631963614365888
863,363.5,0.06599804569499088,0.06599804569499088
864,364.5,0.0656823146923343,0.0656823146923343
865,365.5,0.06537230035936421,0.06537230035936421
866,366.5,0.06506786519203975,0.06506786519203975
867,367.5,0.06476887670322845,0.06476887670322845
868,368.5,0.0644752071830142,0.0644752071830142
869,369.5,0.06418673347352208,0.06418673347352208
870,370.5,0.06390333675719473,0.06390333675719473
871,371.5,0.06362490235754724,0.06362490235754724
872,372.5,0.06335131955151041,0.06335131955151041
873,373.5,0.0630824813925465,0.0630824813925465
874,374.5,0.06281828454378884,0.06281828454378884
875,375.5,0.0625586291205191,0.0625586291205191
876,376.5,0.06230341854135026,0.06230341854135026
877,377.5,0.06205255938753342,0.06205255938753342
878,378.5,0.06180596126985306,0.06180596126985306
879,379.5,0.06156353670261664,0.06156353670261664
880,380.5,0.06132520098428155,0.06132520098428155
881,381.5,0.06109087208429882,0.06109087208429882
882,382.5,0.060860470535781065,0.060860470535781065
883,383.5,0.060633919333635836,0.060633919333635836
884,384.5,0.06041114383782698,0.06041114383782698
885,385.5,0.06019207168145449,0.06019207168145449
886,386.5,0.05997663268336293,0.05997663268336293
887,387.5,0.05976475876501106,0.05976475876501106
888,388.5,0.05955638387135189,0.05955638387135189
889,389.5,0.059351443895491955,0.059351443895491955
890,390.5,0.05914987660691099,0.05914987660691099
891,391.5,0.05895162158304268,0.05895162158304268
892,392.5,0.05875662014402507,0.05875662014402507
893,393.5,0.05856481529044711,0.05856481529044711
894,394.5,0.0583761516439245,0.0583761516439245
895,395.5,0.05819057539035217,0.05819057539035217
896,396.5,0.058008034225688836,0.058008034225688836
897,397.5,0.0578284773041387,0.0578284773041387
898,398.5,0.057651855188603364,0.057651855188603364
899,399.5,0.05747811980328599,0.05747811980328599
900,400.5,0.05730722438833547,0.05730722438833547
901,401.5,0.05713912345642702,0.05713912345642702
902,402.5,0.05697377275117954,0.05697377275117954
903,403.5,0.056811129207318935,0.056811129207318935
904,404.5,0.05665115091249886,0.05665115091249886
905,405.5,0.056493797070698445,0.056493797070698445
906,406.5,0.05633902796711861,0.05633902796711861
907,407.5,0.05618680493450586,0.05618680493450586
908,408.5,0.056037090320832914,0.056037090320832914
909,409.5,0.05588984745827421,0.05588984745827421
910,410.5,0.05574504063341282,0.05574504063341282
911,411.5,0.055602635058622625,0.055602635058622625
912,412.5,0.055462596844571194,0.055462596844571194
913,413.5,0.05532489297379144,0.05532489297379144
914,414.5,0.05518949127527331,0.05518949127527331
915,415.5,0.05505636040003059,0.05505636040003059
916,416.5,0.054925469797597735,0.054925469797597735
917,417.5,0.05479678969341651,0.05479678969341651
918,418.5,0.05467029106707296,0.05467029106707296
919,419.5,0.054545945631347806,0.054545945631347806
920,420.5,0.054423725812044854,0.054423725812044854
921,421.5,0.0543036047285642,0.0543036047285642
922,422.5,0.05418555617518892,0.05418555617518892
923,423.5,0.054069554603054674,0.054069554603054674
924,424.5,0.05395557510277394,0.05395557510277394
925,425.5,0.05384359338768791,0.05384359338768791
926,426.5,0.0537335857777201,0.0537335857777201
927,427.5,0.05362552918380708,0.05362552918380708
928,428.5,0.05351940109288335,0.05351940109288335
929,429.5,0.05341517955339808,0.05341517955339808
930,430.5,0.05331284316134198,0.05331284316134198
931,431.5,0.053212371046765745,0.053212371046765745
932,432.5,0.05311374286076898,0.05311374286076898
933,433.5,0.053016938762943,0.053016938762943
934,434.5,0.052921939409249025,0.052921939409249025
935,435.5,0.05282872594031642,0.05282872594031642
936,436.5,0.05273727997014338,0.05273727997014338
937,437.5,0.05264758357518711,0.05264758357518711
938,438.5,0.052559619283827345,0.052559619283827345
939,439.5,0.05247337006619066,0.05247337006619066
940,440.5,0.05238881932432184,0.05238881932432184
941,441.5,0.05230595088269022,0.05230595088269022
942,442.5,0.05222474897901841,0.05222474897901841
943,443.5,0.052145198255423394,0.052145198255423394
944,444.5,0.052067283749857106,0.052067283749857106
945,445.5,0.05199099088783789,0.05199099088783789
946,446.5,0.05191630547446191,0.05191630547446191
947,447.5,0.05184321368668539,0.05184321368668539
948,448.5,0.051771702065867994,0.051771702065867994
949,449.5,0.05170175751056999,0.05170175751056999
950,450.5,0.0516333672695931,0.0516333672695931
951,451.5,0.05156651893525859,0.05156651893525859
952,452.5,0.051501200436914224,0.051501200436914224
953,453.5,0.05143740003466285,0.05143740003466285
954,454.5,0.051375106313306204,0.051375106313306204
955,455.5,0.05131430817649631,0.05131430817649631
956,456.5,0.051254994841089155,0.051254994841089155
957,457.5,0.05119715583169362,0.05119715583169362
958,458.5,0.05114078097541061,0.05114078097541061
959,459.5,0.05108586039675626,0.05108586039675626
960,460.5,0.05103238451276409,0.05103238451276409
961,461.5,0.05098034402826086,0.05098034402826086
962,462.5,0.05092972993131156,0.05092972993131156
963,463.5,0.05088053348882858,0.05088053348882858
964,464.5,0.05083274624234037,0.05083274624234037
965,465.5,0.05078636000391593,0.05078636000391593
966,466.5,0.05074136685224054,0.05074136685224054
967,467.5,0.05069775912883904,0.05069775912883904
968,468.5,0.05065552943444259,0.05065552943444259
969,469.5,0.05061467062549621,0.05061467062549621
970,470.5,0.05057517581080214,0.05057517581080214
971,471.5,0.0505370383482978,0.0505370383482978
972,472.5,0.050500251841963245,0.050500251841963245
973,473.5,0.05046481013885666,0.05046481013885666
974,474.5,0.05043070732627397,0.05043070732627397
975,475.5,0.05039793772903101,0.05039793772903101
976,476.5,0.05036649590686443,0.05036649590686443
977,477.5,0.05033637665194988,0.05033637665194988
978,478.5,0.05030757498653484,0.05030757498653484
979,479.5,0.0502800861606838,0.0502800861606838
980,480.5,0.050253905650133865,0.050253905650133865
981,481.5,0.0502290291542585,0.0502290291542585
982,482.5,0.05020545259413812,0.05020545259413812
983,483.5,0.050183172110735426,0.050183172110735426
984,484.5,0.05016218406317357,0.05016218406317357
985,485.5,0.0501424850271162,0.0501424850271162
986,486.5,0.05012407179324741,0.05012407179324741
987,487.5,0.050106941365850796,0.050106941365850796
988,488.5,0.05009109096148524,0.05009109096148524
989,489.5,0.05007651800775785,0.05007651800775785
990,490.5,0.05006322014219155,0.05006322014219155
991,491.5,0.0500511952111871,0.0500511952111871
992,492.5,0.05004044126907831,0.05004044126907831
993,493.5,0.05003095657727975,0.05003095657727975
994,494.5,0.05002273960352625,0.05002273960352625
995,495.5,0.05001578902120328,0.05001578902120328
996,496.5,0.05001010370876796,0.05001010370876796
997,497.5,0.050005682749259636,0.050005682749259636
998,498.5,0.05000252542990053,0.05000252542990053
999,499.5,0.05000063124178526,0.05000063124178526
